sample_hash	sample_date	location	primerset
a7d0180e2ee953525a72ccd328385d9c	2021-04-09	Woerden	artic_v3_low_pool.bed
b65f2cba07efb0a6aeb35b7c83768eef	2021-04-11	Woerden	artic_v3_low_pool.bed
59eed26b09716eb8d903dc921efb08f5	2021-04-12	Amsterdam West	artic_v3_low_pool.bed
7d0aaa223cfdf3f09ecef5384614ca60	2021-04-12	Hilversum	artic_v3_low_pool.bed
ffbc18a1b8ee9324b372b6c6671fec91	2021-04-12	Houtrust	artic_v3_low_pool.bed
64bca309ed75a0c3edcd22fb01cbc2fc	2021-04-13	Lelystad	artic_v3_low_pool.bed
993b053bd996e1e53e0410cefd07d539	2021-04-13	Woerden	artic_v3_low_pool.bed
771c1c304c068f6d1ef33aba29102606	2021-04-15	Harnaschpolder	artic_v3_low_pool.bed
af93b406f317cbf57980fb66ed28ef09	2021-04-15	Houtrust	artic_v3_low_pool.bed
d609e2ca5ce91837a7df69e626530326	2021-04-15	Westpoort	artic_v3_low_pool.bed
2ee36cd505f486c90fc61d49e96b1143	2021-04-18	Amsterdam West	artic_v3_low_pool.bed
5a9e96de795830f11da27a2dc081944e	2021-04-18	Bosscherveld	artic_v3_low_pool.bed
e188642b4f260195af6fd2ab6f40c5de	2021-04-18	Westpoort	artic_v3_low_pool.bed
0b2917e9ac874363453a225b2e9a1a5c	2021-04-18	Woerden	artic_v3_low_pool.bed
7a12aae2906c88a7567456d1cf847be2	2021-04-19	Harnaschpolder	artic_v3_low_pool.bed
33e918069afff7bb514ce1aefc88a9a5	2021-04-19	Houtrust	artic_v3_low_pool.bed
d9c55dae721d3fb3e048dd61c5cbc525	2021-04-19	Haarlem Schalkwijk	artic_v3_low_pool.bed
05f6022a2c7f99ae21c01736bff4be63	2021-04-20	Woerden	artic_v3_low_pool.bed
4777346f70eecd44f8eb3e2ab5463e52	2021-04-22	Harnaschpolder	artic_v3_low_pool.bed
46fd309ac914a0488a29525282f999b5	2021-04-25	Bosscherveld	artic_v3_low_pool.bed
d8e548b699113631abb11e37132c0846	2021-04-27	Harnaschpolder	artic_v3_low_pool.bed
5a414dbe04a424a34d2a02d27cf38303	2021-04-24	Hilversum	artic_v3_low_pool.bed
575f76f5c550e1355828eeb365332023	2021-04-27	Houtrust	artic_v3_low_pool.bed
acb75e7ad47fbacd2d674816b002a5e1	2021-04-25	Katwoude	artic_v3_low_pool.bed
5c7aeed9a104a5809d695a1efbd9ac2a	2021-04-25	Woerden	artic_v3_low_pool.bed
df975d72c0cfd982f1d6540295f007e1	2021-04-27	Amsterdam West	artic_v3_low_pool.bed
b4b6222340644cff889c1d78aab10aeb	2021-04-26	Woerden	artic_v3_low_pool.bed
966ae05de724a029d33c2be0088936b9	2021-05-05	Bosscherveld	artic_v3_low_pool.bed
ef3b194d7071f2d12f48f7ee32a76845	2021-05-04	Woerden	artic_v3_low_pool.bed
da149c7120f59427542276ff1bb2163a	2021-05-05	Haarlem Schalkwijk	artic_v3_low_pool.bed
312951efea7ee88ecd43cbf8f7c22e58	2021-05-10	Houtrust	artic_v3_low_pool.bed
1411e17e8cd02cc0c6d9d7eaf5965023	2021-05-10	Woerden	artic_v3_low_pool.bed
f304a7cf750f8a5dd4e84344cd5b8fc7	2021-05-12	Amsterdam West	artic_v3_low_pool.bed
9b5887adb157ddb31301182c4714315e_001	2021-05-13	Bosscherveld	artic_v4.1.bed
d012b6b37a22ea02d4612c54220ea2af	2021-05-18	Hilversum	artic_v3_low_pool.bed
f78b9bea4d98104d26b5143a95bfd499_001	2021-05-19	Bosscherveld	artic_v4.1.bed
bb548cba5b5e20496fa23af3bd9fa3aa	2021-05-24	Bosscherveld	artic_v3_low_pool.bed
e59e1a950399514a440cd7627698731f_001	2021-05-24	Houtrust	artic_v4.1.bed
a0f22aa151511b98a89dbfaee579be4b	2021-05-22	Woerden	artic_v3_low_pool.bed
7864a9422b38283462199dd9546e666c	2021-05-30	Amsterdam West	artic_v3_low_pool.bed
e78aa09057bf4c6ba2c95f8fb2b82a7d	2021-06-01	Woerden	artic_v3_low_pool.bed
7bca79161dd67df3387244c98b1cd1dc	2021-05-31	Lelystad	artic_v3_low_pool.bed
04a38b27e43913a9bc28e6702389fb87_001	2021-06-07	Houtrust	artic_v4.1.bed
0cde27daadc94b84d29a4582a1cdfafa	2021-06-28	Woerden	artic_v3_low_pool.bed
d353794e250ff892618ff4643f870763	2021-07-05	Amsterdam West	artic_v3_low_pool.bed
dd235435ce927f000c55764e39546ea9	2021-07-05	Westpoort	artic_v3_low_pool.bed
b12e548a58a9d8c4848c7e441a424d20	2021-07-08	Houtrust	artic_v3_low_pool.bed
b1eda048ed7bc1f1c1fda02abcd68cf4	2021-07-12	Harnaschpolder	artic_v3_low_pool.bed
039a85d3062bcca8cbbd46645f2941db	2021-07-12	Houtrust	artic_v3_low_pool.bed
5d9edff1633642bba5e4c2747214ed4a	2021-07-15	Bosscherveld	artic_v3_low_pool.bed
43a4609cce0e69a579c97e3e9dd17d29	2021-07-13	Woerden	artic_v3_low_pool.bed
b4f582685e94db976333ff89b6386e96	2021-07-14	Hilversum	artic_v3_low_pool.bed
1adcbed0673f8b7ac3b861b647b1e03c	2021-07-15	Katwoude	artic_v3_low_pool.bed
6282b3f5a963e7d1ecd968d331f0390f	2021-07-14	Westpoort	artic_v3_low_pool.bed
2e7c24fc0bf7f8d362579f2ae9f46e3c	2021-07-19	Katwoude	artic_v3_low_pool.bed
9a2a491abeb89492d76d6a0209132eae	2021-07-20	Amsterdam West	artic_v3_low_pool.bed
f693a8ce69454370d140774ad9b2c333	2021-07-19	Woerden	artic_v3_low_pool.bed
43241a67642e1c09e1549f0c44292fd1	2021-07-21	Bosscherveld	artic_v3_low_pool.bed
c71fc553b9561176c3cf346eb00bba46	2021-07-21	Haarlem Schalkwijk	artic_v3_low_pool.bed
9fa5354c4377e2074d5c4c4c34bd040f_001	2021-07-23	Amsterdam West	artic_v4.1.bed
0d19c518e67b51d1c65d6bff9bfadd0e_001	2021-07-26	Amsterdam West	artic_v4.1.bed
fa4a0b9c9d5cff859591f83ce86e8e19	2021-07-26	Houtrust	artic_v3_low_pool.bed
493ad83982d3315e7509fab24359ed5f	2021-07-26	Woerden	artic_v3_low_pool.bed
69e41f9fe67ce62e858a04cb59beb2c6	2021-07-27	Woerden	artic_v3_low_pool.bed
29300f0dd0b50ae82b276ba2421eb34f_001	2021-07-29	Amsterdam West	artic_v4.1.bed
866a9d58a243e418c450586c08f6d434	2021-08-02	Woerden	artic_v3_low_pool.bed
48f28849417a0dc8dd23f6ce96cd9813	2021-08-04	Amsterdam West	artic_v3_low_pool.bed
7e52d681736142e4bde8d15aa57842e3	2021-08-03	Bosscherveld	artic_v3_low_pool.bed
d37e8bcd0cfedf86f8ba06f7b9f1daa8_001	2021-08-10	Amsterdam West	artic_v3_low_pool.bed
67c7825933fb963eb12e85a2f1dd3d69_001	2021-08-14	Lelystad	artic_v3_low_pool.bed
96d0084914ee460fcbf6fcc8e664e963_001	2021-08-15	Westpoort	artic_v3_low_pool.bed
b946c599148000751cf30aa84a5ac56b_001	2021-08-16	Amsterdam West	artic_v3_low_pool.bed
36986f131f10c07ae1977f605f76866b_001	2021-08-16	Woerden	artic_v3_low_pool.bed
b861bcdd166e29b65d0512f028a32e5a_001	2021-08-19	Woerden	artic_v3_low_pool.bed
3088b4f40934ea93c12692075c59e9c9_001	2021-08-23	Harnaschpolder	artic_v3_low_pool.bed
0309d163dd1adf87e0b5b42c62f9bd80_001	2021-08-23	Houtrust	artic_v3_low_pool.bed
510aeaf2805aa4507d65ce44e7bf24ef_001	2021-08-23	Woerden	artic_v3_low_pool.bed
fd2a38ab076f22cb043572c1f365afa3_001	2021-08-25	Amsterdam West	artic_v3_low_pool.bed
911e9d955e00561e5cf31e783a6c3222_001	2021-08-25	Westpoort	artic_v3_low_pool.bed
eaa08f70aa2ab75922f184c77861ae87_001	2021-08-26	Haarlem Schalkwijk	artic_v3_low_pool.bed
98076db3c53d3bc6a97cafc2c053b99c_001	2021-08-26	Hilversum	artic_v3_low_pool.bed
66b1da13697452a85fc2f5180eb037d9_001	2021-08-26	Lelystad	artic_v3_low_pool.bed
19ee7680efb89d476035b5e580d31f4a_001	2021-08-26	Woerden	artic_v3_low_pool.bed
bcc791cdb5f249ccd967c45ff5e7cf48	2021-09-02	Harnaschpolder	artic_v3_low_pool.bed
c5aa0e352447b96bfcce98601de9e205	2021-09-02	Houtrust	artic_v3_low_pool.bed
0d6d2d6d5ccdde3d1ffb2e109ca9c794	2021-09-02	Westpoort	artic_v3_low_pool.bed
267bdb9ece74ce63b4a645de07e59865	2021-09-01	Woerden	artic_v3_low_pool.bed
e98d6f431a4d00976e21fa64dfe01d56_001	2021-09-09	Harnaschpolder	artic_v3_low_pool.bed
ceddc36fc182f4a05a38c27e06914690_001	2021-09-11	Katwoude	artic_v3_low_pool.bed
799638da13fcc66c273eb80b69eb5741_001	2021-09-13	Amsterdam West	artic_v3_low_pool.bed
d16dd1abfabd5ce678da55a121fed60c_001	2021-09-13	Hilversum	artic_v3_low_pool.bed
db13be630ea0730df1c345fccdbd7468_001	2021-09-15	Westpoort	artic_v3_low_pool.bed
7118d2a381ca9bade9a7e922501b6ec6_001	2021-09-16	Harnaschpolder	artic_v3_low_pool.bed
390fd24d670174ce4b067b6b65409658_001	2021-09-16	Houtrust	artic_v3_low_pool.bed
25f2ae6f0d30708e95654b1097f8b8f2_001	2021-09-23	Houtrust	artic_v3_low_pool.bed
b02245b449582a359874806f8b13d3d4_001	2021-09-23	Woerden	artic_v3_low_pool.bed
75a84fcc6a0e51e49401485d5568a7f3	2021-09-26	Woerden	artic_v3_low_pool.bed
95da2f987790618af86ebbc446c8bcd0	2021-09-27	Woerden	artic_v3_low_pool.bed
4fe4ec3b1bcd6bb3af0effb5f47c9b01	2021-10-04	Lelystad	artic_v3_low_pool.bed
260e0d1b49c00cd46b7200ca4b72c753	2021-10-05	Harnaschpolder	artic_v3_low_pool.bed
d9413201dcc0a7d53a953821702cb36b	2021-10-05	Katwoude	artic_v3_low_pool.bed
41da147884db20b4c6bbff86f5c84d05	2021-10-06	Katwoude	artic_v3_low_pool.bed
3deb983491509447559255de9a384cbc	2021-10-07	Haarlem Schalkwijk	artic_v3_low_pool.bed
6961c0f98883d806ec00b67bb66f832f	2021-10-07	Lelystad	artic_v3_low_pool.bed
6350dfb0c9b5e2ded959f71842c42f23	2021-10-15	Hilversum	artic_v3_low_pool.bed
8f6760874a0e94bf1ff4e63c41c8ebe0	2021-10-16	Houtrust	artic_v3_low_pool.bed
fe6829a887bdd81d69811f59fb32b8cc	2021-10-17	Woerden	artic_v3_low_pool.bed
e1c1319cc2acc2275d81f182d2fb55d9	2021-10-19	Lelystad	artic_v3_low_pool.bed
153ba5d37eca361f38a33dc17e202dd9	2021-10-18	Woerden	artic_v3_low_pool.bed
6b1b1ae8c5e33f050e2a9c0a9cfe2d2b	2021-10-20	Amsterdam West	artic_v3_low_pool.bed
55a07d89a736fd5bd6d9a51b046e7c1b	2021-10-20	Westpoort	artic_v3_low_pool.bed
fee79aefd440df668a0babcbf31f49cf	2021-10-19	Woerden	artic_v3_low_pool.bed
a83d185cbe9a7faeeabbb1102ad9cc9d	2021-10-20	Woerden	artic_v3_low_pool.bed
d0c4f401b11734f6c3b49457b8281bf2	2021-10-18	Harnaschpolder	artic_v3_low_pool.bed
d6473003f5d9b2da986b1daea03eb1c1	2021-10-24	Hilversum	artic_v3_low_pool.bed
d16cf79c5baf3e48308a775b40fb7dc5	2021-10-25	Westpoort	artic_v3_low_pool.bed
839994f77e96cd2cfd542ef7b56526ab	2021-10-25	Houtrust	artic_v3_low_pool.bed
cd8bf8184a320a76b016d15ab84044ed	2021-10-26	Lelystad	artic_v3_low_pool.bed
0e5a89d927a63ac08180bebf7489ddd5	2021-10-28	Woerden	artic_v3_low_pool.bed
779e25bb8b78933c9a835553dc84d681	2021-10-31	Lelystad	artic_v3_low_pool.bed
28deed14cde45ebb24f63c0dc8defbf6	2021-11-04	Bosscherveld	artic_v3_low_pool.bed
a111b65bbad21ade4030e54e763f000d	2021-11-04	Haarlem Schalkwijk	artic_v3_low_pool.bed
9dcff423abef90156e7d0437d476feef	2021-11-04	Woerden	artic_v3_low_pool.bed
e688df9b06fe56a9a1291a4d4729f43f	2021-11-09	Harnaschpolder	artic_v3_low_pool.bed
34c9978bd8d3c7f15f478a645bb160c9	2021-11-09	Katwoude	artic_v3_low_pool.bed
bad3931d2d8c34f1995b383bab454b32	2021-11-10	Lelystad	artic_v3_low_pool.bed
e951d4e81f9b86ce4470f80fe6c3075c	2021-11-09	Woerden	artic_v3_low_pool.bed
ac46626bc29dc1caac8d0aa5f25a4a21	2021-11-11	Houtrust	artic_v3_low_pool.bed
0f40fc9e2d5081ae6b6c2c85e4fdb7ab	2021-11-10	Woerden	artic_v3_low_pool.bed
79a44c43fa06972d2590dd2fbe4035b7	2021-11-11	Woerden	artic_v3_low_pool.bed
3e238e47d254d4b7d8de31c6ed94c26a	2021-11-15	Harnaschpolder	artic_v3_low_pool.bed
97cf18736bb39597eab5b421cea245e4	2021-11-15	Houtrust	artic_v3_low_pool.bed
3060c1681571b87667fea125c3d2b669	2021-11-15	Lelystad	artic_v3_low_pool.bed
ec21b6650973854342032944a432aadf	2021-11-16	Bosscherveld	artic_v3_low_pool.bed
c0fa5a286186cf452e1ea18d45eb0f9f	2021-11-15	Woerden	artic_v3_low_pool.bed
1ec05b15a8ed60287a6cf38b761f7883_001	2021-11-16	Haarlem Schalkwijk	artic_v3_low_pool.bed
9a2908ef4b0db856a20afeee285c3f4a_001	2021-11-21	Amsterdam West	artic_v3_low_pool.bed
c0e540e51fc370f468c91816850a47da_001	2021-11-21	Bosscherveld	artic_v3_low_pool.bed
1ddd150cdf327e01924fc10085dfd107_001	2021-11-20	Harnaschpolder	artic_v3_low_pool.bed
92b50803d82dfc4294343894d4ffa7c9_001	2021-11-20	Houtrust	artic_v3_low_pool.bed
f0a77d024e85cdceac81bc36d57d1a3f_001	2021-11-21	Katwoude	artic_v3_low_pool.bed
a58095ad5f96d87d2ac4b960c4cda779	2021-11-22	Houtrust	artic_v3_low_pool.bed
091ff0b6e318a6f79fa8bbe43bdba7f5	2021-11-23	Bosscherveld	artic_v3_low_pool.bed
c5da3bdeda5be751e2efe892fa73f872	2021-11-23	Hilversum	artic_v3_low_pool.bed
9841678480b3d919b855a29fcacff419	2021-11-23	Katwoude	artic_v3_low_pool.bed
0f44939735e47ef9a4d4aff3c85a310c	2021-11-23	Westpoort	artic_v3_low_pool.bed
649fbf15d0bfe116900ff2f604c49c3f	2021-11-22	Woerden	artic_v3_low_pool.bed
69bde41d5d34aa5365a2290b9ba59923	2021-11-24	Lelystad	artic_v3_low_pool.bed
02f0bbe070f584cd4ae582c2a08976fd	2021-11-23	Woerden	artic_v3_low_pool.bed
60533c400b6e11a1a924185fea13df9b	2021-11-29	Amsterdam West	artic_v3_low_pool.bed
ed7bb95aaee5c78c9d6a42d580f6b3bc	2021-11-29	Harnaschpolder	artic_v3_low_pool.bed
0e5a3f61753b41028fbe3ebca8d23541	2021-11-29	Hilversum	artic_v3_low_pool.bed
5f887f5d0fba34c8b04b8611dccaaabc	2021-11-29	Houtrust	artic_v3_low_pool.bed
9e03cf5645b079099a63e2dc6ebea4da	2021-11-29	Westpoort	artic_v3_low_pool.bed
7831acb6f10744d44371e38b1ab79f63	2021-11-30	Bosscherveld	artic_v3_low_pool.bed
bd74adc4ce125a55b12432ba4053d466	2021-12-01	Houtrust	artic_v3_low_pool.bed
e76736271d88d67e34e731980205e89a	2021-11-29	Woerden	artic_v3_low_pool.bed
1fbdc10348105bb61a5992b1466c6858	2021-12-01	Lelystad	artic_v3_low_pool.bed
92b98ae5eaf4b90509baf1808a430ffa	2021-12-05	Woerden	artic_v3_low_pool.bed
eaa3093e33eeb7b32f943121516b9d6a	2021-12-02	Amsterdam West	artic_v3_low_pool.bed
3e5b4660d26d37bd228329c37fa9902b	2021-12-02	Hilversum	artic_v3_low_pool.bed
c82dfb36e20693cd260d3e492cde8494	2021-12-02	Houtrust	artic_v3_low_pool.bed
abfd3f6ca9c9c9e82112c9bec10c894d	2021-12-02	Westpoort	artic_v3_low_pool.bed
c6e7ae05bb1a0ee841cd46a98794ca11	2021-12-02	Woerden	artic_v3_low_pool.bed
9e9ee7032ba2e2726122fc291117c140	2021-12-01	Woerden	artic_v3_low_pool.bed
ff0a357c9db2b1c267e2ad1eaaf0d7eb	2021-11-28	Katwoude	artic_v3_low_pool.bed
17f18ffb581f1c054248ce650e828079	2021-12-03	Bosscherveld	artic_v3_low_pool.bed
9483c0a89cbd9924a51897942846df97	2021-12-06	Amsterdam West	artic_v3_low_pool.bed
bc68833a12ca310fa09f654aad4e5a5f	2021-12-06	Harnaschpolder	artic_v3_low_pool.bed
b00d47dbc6365ae9cecb85bc11cb5199	2021-12-06	Houtrust	artic_v3_low_pool.bed
86a9c5d2b4f48bd3e3036f33e401370b	2021-12-07	Westpoort	artic_v3_low_pool.bed
5089b9e31a1aaf62f85840b10a7f6b62	2021-12-06	Woerden	artic_v3_low_pool.bed
a294b7ea67151443685a70dfedbbd13f	2021-12-08	Amsterdam West	artic_v3_low_pool.bed
9bfe8d0360ff9c1f5f41fda71e8d4e87	2021-12-08	Katwoude	artic_v3_low_pool.bed
719f5e9f77e09daaf9c089ff7956bd17	2021-12-09	Bosscherveld	artic_v3_low_pool.bed
8ad45c1c86c893f8a3f7bb355e4bdc66	2021-12-09	Harnaschpolder	artic_v3_low_pool.bed
d2666a73d3220b8ed1890c1ed3846729	2021-12-08	Woerden	artic_v3_low_pool.bed
736c839ba705f63d432880ea9d8202cf	2021-12-06	Lelystad	artic_v3_low_pool.bed
6128bcd4f8f91c72a51650cdca670912	2021-12-07	Harnaschpolder	artic_v3_low_pool.bed
fac05319975b5ce8d106e6c222587d21	2021-12-12	Westpoort	artic_v3_low_pool.bed
5cb483bfb51225e4620645c8d1929c7c	2021-12-11	Woerden	artic_v3_low_pool.bed
5e759e4acc5e60b2ead7c5b6ddacc073	2021-12-12	Woerden	artic_v3_low_pool.bed
68f1506a0e431868cb6d846b1c6ea429	2021-12-14	Harnaschpolder	artic_v3_low_pool.bed
53f23d98aee79503ee5506073be3bd44	2021-12-14	Houtrust	artic_v3_low_pool.bed
e043f60b08d8068ce93628af5ea1f042	2021-12-13	Woerden	artic_v3_low_pool.bed
ddc295011472eda92294013e93a2a190	2021-12-15	Lelystad	artic_v3_low_pool.bed
3bd211840aa12d3300462560f325bf89	2021-12-14	Woerden	artic_v3_low_pool.bed
daa03af063cb88585b7e997f2540f57a	2021-12-15	Haarlem Schalkwijk	artic_v3_low_pool.bed
4e62c9d8d1f8fe2cf592febacfee386c	2021-12-18	Woerden	artic_v3_low_pool.bed
d1f9596c5ad42d4316ec7ecd5fb67ff8	2021-12-20	Amsterdam West	artic_v3_low_pool.bed
6201c2662675883bc52df0c6d02a270a	2021-12-24	Hilversum	artic_v3_low_pool.bed
a21c9083a3157771148945c4d02fd929	2021-12-20	Haarlem Schalkwijk	artic_v3_low_pool.bed
33a0afb6095c5e6b305cc2897bd997da	2021-12-21	Harnaschpolder	artic_v3_low_pool.bed
e578c89b6e5df2aecc6b2f986b66b3b5	2021-12-21	Houtrust	artic_v3_low_pool.bed
8f8246d01d229fcabbbf7310379bfa57	2021-12-21	Katwoude	artic_v3_low_pool.bed
ecf4ce200bf73c7c897e32c214894887	2021-12-20	Woerden	artic_v3_low_pool.bed
52b9fb82334387aef3a9cae3961926f9	2021-12-22	Lelystad	artic_v3_low_pool.bed
10d2b65ce1bd3310b611c087b19f911f	2021-12-21	Woerden	artic_v3_low_pool.bed
dd8e26da730e64fa9ecca3796f7d0abe	2021-12-23	Amsterdam West	artic_v3_low_pool.bed
94b811852ddd9305f502a76b01317072	2021-12-23	Bosscherveld	artic_v3_low_pool.bed
1debd711efe82bda72a35970c1a0184e	2021-12-23	Haarlem Schalkwijk	artic_v3_low_pool.bed
c1eae7405e2315222d4e2b5cfc7048c3	2021-12-23	Harnaschpolder	artic_v3_low_pool.bed
e92de1de1469d15542a3b5d9c5612d02	2021-12-23	Houtrust	artic_v3_low_pool.bed
01ebd9cc9c7f8567f3b507463bbebc73	2021-12-23	Westpoort	artic_v3_low_pool.bed
bdf169b5de3ed3f6a4f8fc35d32d9f74	2021-12-22	Woerden	artic_v3_low_pool.bed
37931562364f0d99393ce60545e7ff1e	2021-12-26	Woerden	artic_v3_low_pool.bed
104b25907b4a42de758c5b9a799456b3	2021-12-28	Amsterdam West	artic_v3_low_pool.bed
a2fac061b7f7a65e7e9108f286ad4646	2021-12-28	Bosscherveld	artic_v3_low_pool.bed
0595505863fc95fe6a274fc17439ecad	2021-12-28	Westpoort	artic_v3_low_pool.bed
b04f0af01afac0c8662a1658dc3b9334	2021-12-27	Woerden	artic_v3_low_pool.bed
3ae2cba2c55a00562d140b8818e3194d	2021-12-29	Amsterdam West	artic_v3_low_pool.bed
109c549dcb6ad1641c6b927e81c2c148	2021-12-29	Hilversum	artic_v3_low_pool.bed
cd1f2447e4fd1c69776caf79a646f94d	2021-12-29	Westpoort	artic_v3_low_pool.bed
a13a76df81b144ecbd3669b36ef9c3c8	2021-12-28	Woerden	artic_v3_low_pool.bed
b08c907a46423a8bb9855811a746187f	2021-12-30	Haarlem Schalkwijk	artic_v3_low_pool.bed
6797e35b8a436736413328831581018d	2021-12-30	Harnaschpolder	artic_v3_low_pool.bed
538c455e24d917983b008495ef1059d3	2021-12-30	Houtrust	artic_v3_low_pool.bed
cb528c76e7a508e2413760e6688c9566	2021-12-30	Lelystad	artic_v3_low_pool.bed
35ac9dcd8eacb90f7ea657ec0285a3c2	2021-12-29	Woerden	artic_v3_low_pool.bed
f45070ce03f283282b3825d067522698	2021-03-27	Haarlem Schalkwijk	artic_v3_low_pool.bed
4132b53770dbdc38a68973ae6af8dc76	2021-03-29	Houtrust	artic_v3_low_pool.bed
83d420738d78a61d8a025977a78b52ed	2021-03-29	Lelystad	artic_v3_low_pool.bed
54bfb66fadd5bb1e331c248f5faae1f4	2021-03-31	Amsterdam West	artic_v3_low_pool.bed
9d3d6c2e916d36728b55081a9b0344ba	2021-03-31	Bosscherveld	artic_v3_low_pool.bed
d7bb3b059979fddc0240e202d0b228c0	2021-03-31	Hilversum	artic_v3_low_pool.bed
8794c987d59700c07ff0134be5f9d26f	2021-04-09	Amsterdam West	artic_v3_low_pool.bed
03a4b6575772eac78a8e3ebdad03a824	2022-02-14	Woerden	artic_v3_low_pool.bed
a87b25132b4dedd52f502e18220d7764	2022-02-16	Katwoude	artic_v3_low_pool.bed
762c0434a1be89adcd75295d84aa2c38	2022-02-16	Lelystad	artic_v3_low_pool.bed
e5eaafd4be8f168ff69e1a7809e2d0d4	2022-02-15	Woerden	artic_v3_low_pool.bed
0e289587992ff984c822011a26c2a7ee	2022-02-17	Amsterdam West	artic_v3_low_pool.bed
eba268007de1792b6b13ed5986520a09	2022-02-17	Woerden	artic_v3_low_pool.bed
03dda852b5e4adf23404d5ba14763935	2022-01-06	Harnaschpolder	artic_v3_low_pool.bed
ae1c3039056f42ce1fe09d132b27265b	2022-02-20	Katwoude	artic_v3_low_pool.bed
e7e163eeb18805a9a0e117a1770de0b7	2022-02-19	Woerden	artic_v3_low_pool.bed
42b5902bc9d06306e2039522c2594a33	2022-02-21	Amsterdam West	artic_v3_low_pool.bed
c85e892cb8d303a42ef1d1f6985bd3dd	2022-02-21	Harnaschpolder	artic_v3_low_pool.bed
79002981eef3eaa7b33d222b0d8ce26d	2022-02-21	Hilversum	artic_v3_low_pool.bed
083eb65cb201eb446bf7f1b59a50c9b2	2022-02-21	Houtrust	artic_v3_low_pool.bed
f84f75ed6ce6ec3d2207b79296d8b3a7	2022-02-21	Lelystad	artic_v3_low_pool.bed
2a0ae42181b0728ce7d9396d56721a63	2022-01-06	Lelystad	artic_v3_low_pool.bed
8b406764c12c85a3293d1bab7514c77a	2022-02-21	Westpoort	artic_v3_low_pool.bed
7bace70cbb27bd73a61519ff5a057b74	2022-02-24	Woerden	artic_v3_low_pool.bed
e202c589c71fc7c1ce4122acb13797bb	2022-02-23	Katwoude	artic_v3_low_pool.bed
68f8a88e88d349d2417148fb0035002f	2022-02-23	Westpoort	artic_v3_low_pool.bed
345a67c2109fa4347d81ffd2ca30e950	2022-02-22	Woerden	artic_v3_low_pool.bed
2057c16289b6d00aaa666f6deb5d1892	2022-02-24	Haarlem Schalkwijk	artic_v3_low_pool.bed
4a0065256b9467f3e14872f01192de21	2022-02-24	Utrecht	artic_v3_low_pool.bed
0328227b1d82e8f04168f8c95735ba62	2022-02-23	Woerden	artic_v3_low_pool.bed
22ec1d66ba8b165b02c78f9627ef7429	2022-01-06	Westpoort	artic_v3_low_pool.bed
6903685ed3c69a965adcabcdd9fdcfb9	2022-01-05	Woerden	artic_v3_low_pool.bed
367452e7d4b3316d8d505e315964ac59	2022-01-06	Woerden	artic_v3_low_pool.bed
acbdc1dfbaa282c4153d9ab1ec4b29b1	2022-02-25	Woerden	artic_v3_low_pool.bed
a3ae8053126576a514f6cfce0efbb875	2022-03-01	Amsterdam West	artic_v3_low_pool.bed
cbd51faabb24a190a0a1d2a542b83e80	2022-02-28	Harnaschpolder	artic_v3_low_pool.bed
a84a35951f230af40cc098188ca1af93	2022-03-01	Bosscherveld	artic_v3_low_pool.bed
216d9474eb0e4f055faf6d64c5cffd4c	2022-03-01	Katwoude	artic_v3_low_pool.bed
2eb03feea752f0ef910760d914f28fe1	2022-03-04	Westpoort	artic_v3_low_pool.bed
60a5363e853c8b18cba6ef59c422a67c	2022-02-28	Woerden	artic_v3_low_pool.bed
f3c9739adc074eec5455d75503b335df	2022-03-02	Katwoude	artic_v3_low_pool.bed
2e16c9f53a7a4690b1a71482facf242a	2022-03-01	Woerden	artic_v3_low_pool.bed
d70c0e10fffdb1ac47e55c636bcb2bf9	2022-03-05	Haarlem Schalkwijk	artic_v3_low_pool.bed
2ffe9002f9162165e6cc91f00aa911d2	2022-03-03	Houtrust	artic_v3_low_pool.bed
67df9b83bcb109dca1ea10f3102a27cd	2022-03-03	Katwoude	artic_v3_low_pool.bed
a72cdcb88f49aba10a386c5b60076913	2022-03-03	Utrecht	artic_v3_low_pool.bed
897e8761387d238213e6cd787c458e51	2022-03-02	Woerden	artic_v3_low_pool.bed
f64089db95e94cd4c3108095d32f55f2	2022-03-03	Woerden	artic_v3_low_pool.bed
bf28b0c12b87ecb4188fc7abb19d2b6f	2022-03-07	Houtrust	artic_v3_low_pool.bed
5c57168761e5e7149fca4c682b73ee5a	2022-03-08	Bosscherveld	artic_v3_low_pool.bed
08683d4d41403d9f5a3cbed1ea7be80d	2022-03-08	Katwoude	artic_v3_low_pool.bed
f501c2faa7b675e480f3c41e0494a363	2022-03-08	Lelystad	artic_v3_low_pool.bed
e2bfb72e7077a443e5b8ddec04411955	2022-03-07	Woerden	artic_v3_low_pool.bed
b719822788d931a349d2fe06a658767d	2022-03-09	Amsterdam West	artic_v3_low_pool.bed
0e4dba433abb662afb3c598c9c958954	2022-03-09	Katwoude	artic_v3_low_pool.bed
a77776708bb9656662ccbf990b2fb4ca	2022-03-08	Woerden	artic_v3_low_pool.bed
57c8e5a19d80a3aa2184c5f9486e33cb	2022-03-10	Amsterdam West	artic_v3_low_pool.bed
7d1fdf542342ee790a8b04f4c6e5503a	2022-03-10	Katwoude	artic_v3_low_pool.bed
fa0a354f751cb6255773fce9dc0bc265	2022-03-10	Westpoort	artic_v3_low_pool.bed
01d57e36e2ef7e36c3f633759ccd8088	2022-03-10	Woerden	artic_v3_low_pool.bed
263726274a84c96d900c7016e3f4bb81	2022-03-12	Katwoude	artic_v3_low_pool.bed
30056895bf29754f8183e479cda30dd9	2022-03-14	Amsterdam West	artic_v3_low_pool.bed
fa05633b57d1211f2e9cbefa76e6de16	2022-03-14	Houtrust	artic_v3_low_pool.bed
fbdff6404e0b8026e8839896b859b0b8	2022-03-14	Westpoort	artic_v3_low_pool.bed
d52744bad2ef9590f4325b154d3d38af	2022-03-15	Bosscherveld	artic_v3_low_pool.bed
3f9016f7a68068da1b0ce9c0bb05d1f6	2022-03-14	Haarlem Schalkwijk	artic_v3_low_pool.bed
3467ec0476bf3018a2b1b7a54ea50f63	2022-03-15	Katwoude	artic_v3_low_pool.bed
35469d837970a44a2d206c0d4fea367d	2022-03-14	Woerden	artic_v3_low_pool.bed
cd033ec7d3eea0c9604a9dad1cd65bf1	2022-03-16	Hilversum	artic_v3_low_pool.bed
c4614fca6e8a438ef989a21d75e8762a	2022-03-16	Katwoude	artic_v3_low_pool.bed
16941533bccbf725279110ce51632b0d	2022-03-16	Lelystad	artic_v3_low_pool.bed
c1cd76f85fe60fdfd6c5df237ceb14a9	2022-03-17	Katwoude	artic_v3_low_pool.bed
c082f78560fcedaf10daf2fc34efd353	2022-03-17	Utrecht	artic_v3_low_pool.bed
e7c67ac89698347ee06dd893cc02e45b	2022-03-16	Woerden	artic_v3_low_pool.bed
ad426768fff5483ce8dd77733d416a16	2022-03-17	Woerden	artic_v3_low_pool.bed
bb3d829451555fd39ac62e95b8a8e7a3_001	2022-01-09	Harnaschpolder	artic_v3_low_pool.bed
2598098cc10cb72d072c95971855706f	2022-03-19	Katwoude	artic_v3_low_pool.bed
dbfcd1add75e427a2bfcd5103670c158_001	2022-01-09	Houtrust	artic_v3_low_pool.bed
9adc08b3a2c47e8e1e908aa7373e553b	2022-03-20	Woerden	artic_v3_low_pool.bed
81e2b77209d9d8e26983718ecd8472d7	2022-03-21	Amsterdam West	artic_v3_low_pool.bed
44f341df565208da6296b88ba4bf8312	2022-03-21	Harnaschpolder	artic_v3_low_pool.bed
0d848ad6d61a2fbfe124557d26049884	2022-03-21	Hilversum	artic_v3_low_pool.bed
d00cab1510d2cb599c4f4fb1733718f5	2022-03-21	Houtrust	artic_v3_low_pool.bed
8918ee83162371e6b6bf0725687e2907	2022-03-21	Lelystad	artic_v3_low_pool.bed
f883f69646f3d08f1fdc7c9725f2e723	2022-03-21	Westpoort	artic_v3_low_pool.bed
bd7a0b82ef11a31ee85fa0927ba15b9d	2022-03-22	Bosscherveld	artic_v3_low_pool.bed
dcd312dfcb3b6bea1aba332cef19a4df	2022-03-22	Katwoude	artic_v3_low_pool.bed
f604c67eb01a1102fa74e7fd2d8bf9d8	2022-03-21	Woerden	artic_v3_low_pool.bed
02c955eba228b09f969fc18f6819aab8	2022-03-22	Haarlem Schalkwijk	artic_v3_low_pool.bed
698660ef62abac26d971992c5afea287	2022-03-22	Utrecht	artic_v3_low_pool.bed
f8711d35b1e904bcb4caa6e30c2f518f	2022-03-24	Katwoude	artic_v3_low_pool.bed
0dc6bc8a94ecd8a4074e7126ece16684	2022-03-23	Woerden	artic_v3_low_pool.bed
d80759f9989d7e9166e99e5dff925b95	2022-03-26	Katwoude	artic_v3_low_pool.bed
2f101aa4022df747e645ebee758f7c9c	2022-03-27	Woerden	artic_v3_low_pool.bed
fecbc587e7e04fffe9c89d3d03a37a4e	2022-03-28	Amsterdam West	artic_v3_low_pool.bed
868c3bef1cb2b5017ac48d41c5d5637f	2022-03-28	Hilversum	artic_v3_low_pool.bed
38278b229a678f93c4724260ec618619	2022-03-28	Lelystad	artic_v3_low_pool.bed
d2425d32d69f77977adc53a605289f90	2022-03-28	Westpoort	artic_v3_low_pool.bed
4f11f55600f3adba53e77506012410db	2022-03-29	Bosscherveld	artic_v3_low_pool.bed
671874e0200fec3008606bc3f9558a13	2022-03-29	Harnaschpolder	artic_v3_low_pool.bed
7f36e91c2d1ad1f4cbd938fca64bb57a	2022-03-29	Katwoude	artic_v3_low_pool.bed
9d8d66b03a461104ddde1534b39731c4	2022-03-28	Utrecht	artic_v3_low_pool.bed
b85d45402d93b0e1ff41b9bf9ec694e5	2022-03-28	Woerden	artic_v3_low_pool.bed
3e37473ebab723f5f8144619bd1bdd0f_001	2022-03-30	Katwoude	artic_v3_low_pool.bed
234de07dd666c99c4be61643505288ed_001	2022-01-08	Woerden	artic_v3_low_pool.bed
aa67e15a1247bc636936bdbc70e532e5_001	2022-01-10	Amsterdam West	artic_v3_low_pool.bed
88ed69e8943c0072bbf3b7f1874b95f5	2022-03-31	Katwoude	artic_v3_low_pool.bed
71a18df748ce96891e276c4287454e7d	2022-04-02	Katwoude	artic_v3_low_pool.bed
cbbba6aa416874357a0d9e583c89394a_001	2022-03-31	Woerden	artic_v3_low_pool.bed
e44d119c4eee6ad95c81a3be27769b0a	2022-04-02	Woerden	artic_v3_low_pool.bed
0f0372c268f8cdc038bff34d8cc6c914	2022-04-04	Harnaschpolder	artic_v3_low_pool.bed
2a1613665938321e51464b88e0007090	2022-04-04	Hilversum	artic_v3_low_pool.bed
541a4b59fb15c104ee7a203e8e624556	2022-04-04	Houtrust	artic_v3_low_pool.bed
9fdef33ab83b5c76bd4a4a00c159469e	2022-04-04	Lelystad	artic_v3_low_pool.bed
46e8f2741c0d4ac89d809a59ff4f111c	2022-04-06	Harnaschpolder	artic_v3_low_pool.bed
8890501cb2b3e5ee8e86f4c711a9ff88_001	2022-01-10	Hilversum	artic_v3_low_pool.bed
e1f712a8c04c6af425dcee609e8c03de	2022-04-05	Katwoude	artic_v3_low_pool.bed
6463b6b7e8895315977f6e6f335aff00_001	2022-01-10	Houtrust	artic_v3_low_pool.bed
0bcf0cd180a55a701734a5788084db19_001	2022-01-10	Lelystad	artic_v3_low_pool.bed
b3325ae7d1e736d41267214d4a5122b8	2022-04-04	Woerden	artic_v3_low_pool.bed
30c0bc52649b18944c97c2cd81d48389	2022-04-06	Katwoude	artic_v3_low_pool.bed
3ec7f92134d9e0117bca3790c7e3e826_001	2022-01-10	Westpoort	artic_v3_low_pool.bed
4cbb8e004b0b9c73302786be92137a41	2022-04-06	Woerden	artic_v3_low_pool.bed
c2e49c42be18f15c547148a47098b7db	2022-04-04	Amsterdam West	artic_v3_low_pool.bed
0892a7920a47b0b68881e1154e608543	2022-01-10	Woerden	artic_v3_low_pool.bed
6b9a2fde21223fac383956eed5879647	2022-04-23	Katwoude	artic_v4.1.bed
45386000e84dfc3998dd35280f652852	2022-04-24	Woerden	artic_v4.1.bed
165c266c91a81ad91b77872c2daaa379	2022-04-25	Harnaschpolder	artic_v4.1.bed
86f5f7147a045a583cbb02cacd0e2d2e	2022-04-25	Hilversum	artic_v4.1.bed
fc95dcebe336a03b5566d38ff4354ec1	2022-04-25	Houtrust	artic_v4.1.bed
ac507b1aea4632993316cccaad09e559	2022-04-25	Lelystad	artic_v4.1.bed
aae16fed4f8af506e134c254eb5f396d	2022-04-25	Westpoort	artic_v4.1.bed
90668880130646f3c849ef19a56e583c	2022-04-25	Utrecht	artic_v4.1.bed
4db0c139b170cfe484aa3caf0ae83192	2022-04-26	Westpoort	artic_v4.1.bed
f55826794204121d6b49eb03ecfdeee2	2022-04-25	Woerden	artic_v4.1.bed
454af7d9dcabe71f8ec9e37b8d6588dd	2022-04-27	Haarlem Schalkwijk	artic_v4.1.bed
d612982b1ceb68735de94c0d62da30ec	2022-04-26	Hilversum	artic_v4.1.bed
abe654d88138714de14ae04c1bf948e7	2022-04-27	Katwoude	artic_v4.1.bed
400925dd57ac06fcbc9c7904fb898852	2022-04-27	Westpoort	artic_v4.1.bed
d86ca492bbf80a30b2bc348b27582a10	2022-04-28	Houtrust	artic_v4.1.bed
846ac3f2b35ebea4f8404a212bb35dec	2022-04-28	Katwoude	artic_v4.1.bed
9a8a2d0eb41b0fe403a911be3b53869f	2022-04-27	Utrecht	artic_v4.1.bed
9030d74f9439c65a2e2d13e4ded6b1ee	2022-04-28	Utrecht	artic_v4.1.bed
57dfead2ee74ad16888e13b78ffc385f	2022-04-30	Katwoude	artic_v4.1.bed
c896fde881c4d4e2a1a063490c47e5c0	2022-04-29	Westpoort	artic_v4.1.bed
3799dfb5990dcfa273a0ce9ce79800db	2022-04-30	Woerden	artic_v4.1.bed
e1faa553144ba8f422a731e4c9f039f9	2022-05-06	Amsterdam West	artic_v4.1.bed
5c112a2288be696fb8f47094128bfd99	2022-05-06	Hilversum	artic_v4.1.bed
1724b38b3e2ef04b9362bc99bd45bf08	2022-05-02	Houtrust	artic_v4.1.bed
d8ab3800d674ff1b68b1383a0f688432	2022-05-03	Harnaschpolder	artic_v4.1.bed
c284edd104825ffd645b8ca47ec945a0	2022-05-07	Hilversum	artic_v4.1.bed
6c370a6478d6c42518ab10f353b4de93	2022-05-03	Houtrust	artic_v4.1.bed
e05d0e9e1338d7fed984732c25028bed_001	2022-05-03	Katwoude	artic_v4.1.bed
46decadfda1178930d97dfa18d9fc826	2022-05-03	Lelystad	artic_v4.1.bed
5fa71863d2f540e59862aae6b8a57a62	2022-05-06	Westpoort	artic_v4.1.bed
eeaf8b6aaf2cddf6d766d7c9ae4d584d	2022-05-07	Woerden	artic_v4.1.bed
303310fab538b506e994937af7bf609b_001	2022-05-07	Amsterdam West	artic_v4.1.bed
0016a679afb0365425e497e5b90c817c	2022-05-04	Katwoude	artic_v4.1.bed
cb62a5030049b814598158018e90bc83	2022-05-07	Westpoort	artic_v4.1.bed
99e662a688edeb2c9cbe450ffb1f60ff	2022-05-05	Haarlem Schalkwijk	artic_v4.1.bed
b1d4b4005f07938b6a03f1c7f4fe6964	2022-05-05	Katwoude	artic_v4.1.bed
b945cc935d8d4d4cbdea7f10dfca14ee	2022-05-04	Woerden	artic_v4.1.bed
887f1ddf0d551afdcb22de8d0df19509	2022-05-05	Woerden	artic_v4.1.bed
f67269d943123d053f0a54e24283119b_001	2022-05-08	Amsterdam West	artic_v4.1.bed
8b6391b16ea1a452f469680c1497738a	2022-05-07	Harnaschpolder	artic_v4.1.bed
b5a7b44689ab6fb89d00b22f2264cb58	2022-05-08	Hilversum	artic_v4.1.bed
9464eabf10bef28663027bb4f1219de3	2022-05-07	Katwoude	artic_v4.1.bed
7459232ded5b2ece146b4ca1403d1d63	2022-05-07	Lelystad	artic_v4.1.bed
d019827ede24f7c52138bdb8583357ab	2022-01-13	Haarlem Schalkwijk	artic_v3_low_pool.bed
aaabb54098bd2023849486492221095a	2022-05-08	Westpoort	artic_v4.1.bed
be272e89e0c568bd37a19fa721d7e3bd	2022-05-08	Woerden	artic_v4.1.bed
4eb62d5f94403d65c0639c72061e53ee	2022-05-09	Amsterdam West	artic_v4.1.bed
7eb16fec49c158c3ca74f021d9761040	2022-05-09	Hilversum	artic_v4.1.bed
a635346440e16ac872db9b8c1d61efdf	2022-05-09	Westpoort	artic_v4.1.bed
70627eb7157cb2698fb5ffed870e617b	2022-05-10	Hilversum	artic_v4.1.bed
802e1df43a477379b64cd7f0f2424ccb	2022-05-10	Houtrust	artic_v4.1.bed
aeeef1b4a427bd832d46e52f83ac3d25_001	2022-05-10	Katwoude	artic_v4.1.bed
6b4f9d0307b9f967313f7d4e0edcea60	2022-05-10	Lelystad	artic_v4.1.bed
25f848326bfebede868c6777f59d3058	2022-05-10	Westpoort	artic_v4.1.bed
80bf157038483dbb0b7a65ea582189ad	2022-05-09	Woerden	artic_v4.1.bed
70ae4b7ff145b6cd42ee68725b445c92	2022-05-11	Hilversum	artic_v4.1.bed
a053d3d084fef085bba936ebe2ba38bc	2022-05-11	Katwoude	artic_v4.1.bed
87e59c6de67525a250fe0a3ee72768a9	2022-05-10	Woerden	artic_v4.1.bed
3840b79e4e1a1aebe50ba2836709ba43	2022-05-13	Amsterdam West	artic_v4.1.bed
178be1d0deae16c08a5d49b28d0f70a9	2022-05-14	Amsterdam West	artic_v4.1.bed
d3945c86c91a08f3a01738e51568b927	2022-05-15	Amsterdam West	artic_v4.1.bed
91e988b2cc840439a347b2d03e845bea	2022-05-15	Haarlem Schalkwijk	artic_v4.1.bed
8668b5cbfaeeb610e25c994ad7b2f2b6	2022-05-14	Harnaschpolder	artic_v4.1.bed
c858646cf924f07e64325b5eddfbc11c	2022-05-13	Woerden	artic_v4.1.bed
d9c9facada9d4ad2628164d6e3c6dc4c	2022-05-16	Amsterdam West	artic_v4.1.bed
189842fbe9f2b96e691157a01dc473ab	2022-05-16	Harnaschpolder	artic_v4.1.bed
b7716e674d4f633bc08a2ca5ddcd95cb	2022-05-16	Houtrust	artic_v4.1.bed
4449b2933d5e1bd7a58d8d2f7bd44f12	2022-05-16	Lelystad	artic_v4.1.bed
97763b59dd6bda564403757808b3db3c	2022-05-16	Westpoort	artic_v4.1.bed
46daba22917c6c69c3e24b90a0cc9e11	2022-05-17	Amsterdam West	artic_v4.1.bed
2b8e224073abd6c802bd251a4fdacfaa	2022-05-16	Haarlem Schalkwijk	artic_v4.1.bed
4b140302f735ec90ad42d89bafb5299a	2022-05-18	Harnaschpolder	artic_v4.1.bed
693c694f6af6b20b39b2acf334b2a5fa	2022-05-17	Hilversum	artic_v4.1.bed
7a3ab513ac165113a364d91476ebf848	2022-05-17	Houtrust	artic_v4.1.bed
d596136eab0e0281555236aabea81fe4	2022-05-17	Katwoude	artic_v4.1.bed
b2e9dc87f4dd3b756b6f5a79ba808d3a	2022-05-17	Westpoort	artic_v4.1.bed
3cf0abc901bccf24fd46c0394cc2409b	2022-01-13	Westpoort	artic_v3_low_pool.bed
92b2e77dc1a57275870a43f674da6050	2022-05-18	Amsterdam West	artic_v4.1.bed
b4d97a4a47356891c0fb77e867b32f22	2022-01-12	Woerden	artic_v3_low_pool.bed
5c25c567618a2f191f7af4cb9168a57c	2022-01-13	Woerden	artic_v3_low_pool.bed
237796093c163bdf75a7203795a76fdb	2022-05-17	Haarlem Schalkwijk	artic_v4.1.bed
38fc06c4570d3bc49ac68b9432f17fcd	2022-05-18	Hilversum	artic_v4.1.bed
113396f4df236c65b70b7568eb0ab446_001	2022-05-18	Katwoude	artic_v4.1.bed
e3ad51d055cd42a8f849eb7a9d3b431d	2022-05-17	Utrecht	artic_v4.1.bed
e658702f8d7bff7bbb1f18ca41233414	2022-05-18	Westpoort	artic_v4.1.bed
00ed8f1765f7e79fa132cb61e82b04e8	2022-05-17	Woerden	artic_v4.1.bed
e461deccfdf35307306348c2b35bc6ba	2022-05-18	Haarlem Schalkwijk	artic_v4.1.bed
e8a9bb23e0da7618678ce50b5e4396e4	2022-05-19	Houtrust	artic_v4.1.bed
ae27e8d35b094ca1415aee7c2c0c6041	2022-05-18	Woerden	artic_v4.1.bed
147315c87fa16a1adf7fdaba46e7d4ec	2022-05-20	Woerden	artic_v4.1.bed
c5099890978a7c652f992c964a140ef8	2022-05-20	Amsterdam West	artic_v4.1.bed
d7c248aca951843355971963b21e8e98	2022-01-14	Amsterdam West	artic_v3_low_pool.bed
a57522e7983c8cb89e00333113a37c4c	2022-05-21	Houtrust	artic_v4.1.bed
1ee848511bc7b33889a9e7b120506a70	2022-05-21	Katwoude	artic_v4.1.bed
d99a9d4f06db04a7d03c48bbe2ff1897	2022-01-16	Bosscherveld	artic_v3_low_pool.bed
cab4b4f2c585bb7586e84a18716920cf	2022-05-22	Woerden	artic_v4.1.bed
3f59162f625e4aef28e746d05ddc5dda	2022-05-23	Amsterdam West	artic_v4.1.bed
30ed88edfaa1fcf723a72419d31c57d3	2022-05-23	Harnaschpolder	artic_v4.1.bed
aa6fa4013e4d43b252039e52447f8176	2022-05-23	Houtrust	artic_v4.1.bed
944c9a2314d503efa66eb1664628c254	2022-05-24	Amsterdam West	artic_v4.1.bed
533570d13f3b8bc8b7153e841990721b	2022-05-23	Haarlem Schalkwijk	artic_v4.1.bed
698fd21aabf88ca0676f7d959f856752	2022-05-24	Houtrust	artic_v4.1.bed
b3f1abd01f737522994d17a1c042515b	2022-05-24	Katwoude	artic_v4.1.bed
20daef17315d644954b2116877b36c74	2022-05-24	Lelystad	artic_v4.1.bed
b04aeefe0827959afb97f5200da476ca	2022-05-24	Westpoort	artic_v4.1.bed
94f853845c6272a13983329dc0ccc598	2022-05-23	Woerden	artic_v4.1.bed
4986ccd0c5fba521b5d5aa75ca69e8c0	2022-05-25	Katwoude	artic_v4.1.bed
d87e3ae4bf43a13c5e14d7b9bb7eafb4	2022-05-28	Katwoude	artic_v4.1.bed
c50a15fca4431c9df3392bc353837290	2022-05-25	Woerden	artic_v4.1.bed
97631d5bab9d93a06bc664bfaf7c2f89	2022-05-27	Amsterdam West	artic_v4.1.bed
6d59e9eae93a046b272649d9aca80c44	2022-01-15	Harnaschpolder	artic_v3_low_pool.bed
b4b15e3144f3a2bba8941b1df8950325	2022-05-28	Harnaschpolder	artic_v4.1.bed
6afcda5897bc4173bd8b2d7827be77d3	2022-05-28	Houtrust	artic_v4.1.bed
5e753e8ab7dadf2746e25515726dafa2	2022-05-29	Katwoude	artic_v4.1.bed
f40801c96c31fa8bc40f8d69221ce931	2022-05-28	Lelystad	artic_v4.1.bed
e21c59db71c4c6e8c7fcfaece016aea1	2022-01-15	Houtrust	artic_v3_low_pool.bed
1fddca7f83409104ab4cd53f8a451a0f	2022-05-27	Westpoort	artic_v4.1.bed
76becd668b029e6b1dfd004ca1436684	2022-05-28	Westpoort	artic_v4.1.bed
4553fb33f23df29b8b0bd08026851100	2022-05-28	Woerden	artic_v4.1.bed
ff7c862308cc2f6af1ffb0430f6e6551	2022-05-31	Harnaschpolder	artic_v4.1.bed
e1ab9f7b30f05c3d27db1be8bcf9bf86	2022-01-16	Katwoude	artic_v3_low_pool.bed
4bedb41b201075b6ffd627bbf04086b5	2022-05-30	Hilversum	artic_v4.1.bed
a6f86757471f18bf36a5bab0cd706832	2022-05-30	Houtrust	artic_v4.1.bed
871fc552eb0cb49e816f7a9dad1e12a2	2022-05-30	Westpoort	artic_v4.1.bed
40548ac76dc14faf182cf2edc3bb368d	2022-05-31	Katwoude	artic_v4.1.bed
a5a1343c44bc25f361b15c6f1ecb1355	2022-05-30	Utrecht	artic_v4.1.bed
dc0f0dfda326febec6e3aa1f5321c368	2022-05-31	Westpoort	artic_v4.1.bed
42c53317d82968ea601ccab2840abaf4	2022-05-30	Woerden	artic_v4.1.bed
3d18af53d053d6c11933029564ffc866	2022-05-31	Haarlem Schalkwijk	artic_v4.1.bed
f7d9be737741d8a59669aea3b9416feb	2022-06-01	Hilversum	artic_v4.1.bed
aa9bbad85767f25b550414b7da8d6fe5	2022-06-01	Katwoude	artic_v4.1.bed
b6a27fda82c9782f3a16e2968c19457d	2022-06-01	Lelystad	artic_v4.1.bed
697d32e2201b632939d267e10933d259	2022-05-31	Utrecht	artic_v4.1.bed
de86ee981b898c82feb5a8907f55064e	2022-06-01	Westpoort	artic_v4.1.bed
48741f5e76daa1c89ac10d553d92d405	2022-05-31	Woerden	artic_v4.1.bed
d9ec02f8f3b40dd989e5579eabde2bd2	2022-06-01	Haarlem Schalkwijk	artic_v4.1.bed
e17c4dfae565ecfcb853442ba05690cb	2022-06-02	Katwoude	artic_v4.1.bed
f2032783f40a825e5d7e0f8fc08f83e8	2022-06-02	Lelystad	artic_v4.1.bed
9a91d9010c051af38f986b60917230cd	2022-06-01	Woerden	artic_v4.1.bed
fb838a0acbd1a240ff54783c926948a1	2022-06-02	Woerden	artic_v4.1.bed
44cdeadbf60724565d6ac600b0eca961	2022-05-31	Houtrust	artic_v4.1.bed
f19e1ac29b02247b2dc2b2bd430b32c7	2022-06-05	Amsterdam West	artic_v4.1.bed
1487269bcd6a3deb4a6494287e15dcba	2022-06-03	Harnaschpolder	artic_v4.1.bed
cf180fde5f022ab6d2b24d51f3f36343	2022-06-03	Westpoort	artic_v4.1.bed
08569444c9d5ab24e85eead82d874721	2022-06-06	Amsterdam West	artic_v4.1.bed
0eeb4a96c339e753028ad14c23e4ef52	2022-06-06	Haarlem Schalkwijk	artic_v4.1.bed
0f338079fc25c477a97c5ce215d7e9fd	2022-06-06	Houtrust	artic_v4.1.bed
b03e7d9b04f62a2bcbfa2629bcf5d8e3	2022-06-06	Westpoort	artic_v4.1.bed
e193b9f2ecbd8ef63046723d6ef25ca6	2022-06-06	Woerden	artic_v4.1.bed
a2b11d46ad5f8eed5772e8114ef291b8	2022-06-08	Amsterdam West	artic_v4.1.bed
b50871ae674bd946573756bd6cd9ea30	2022-06-08	Lelystad	artic_v4.1.bed
4d5e7486fb082af85de4a7da688a6243	2022-06-08	Westpoort	artic_v4.1.bed
730a68cfeda1ce9b4ecabf665ab8f634	2022-06-08	Haarlem Schalkwijk	artic_v4.1.bed
38437e66ea862364c21722bae10d7a2a	2022-06-09	Haarlem Schalkwijk	artic_v4.1.bed
dd53919020cb6d94213b08a92bf7797d	2022-01-15	Woerden	artic_v3_low_pool.bed
e162c1f07f54885e0e418405e989f0b4_001	2022-06-08	Woerden	artic_v4.1.bed
7d647af9b89206126421c30ad8b3b5dc	2022-01-17	Amsterdam West	artic_v3_low_pool.bed
a7de7faa3a68d253c072acc589b2428f	2022-06-12	Woerden	artic_v4.1.bed
bdcba33479b7b26fefaf21ec5f144e72	2022-06-13	Amsterdam West	artic_v4.1.bed
d1823c195e9cce938a995453388ee4a5	2022-06-13	Houtrust	artic_v4.1.bed
df3b6b71ff8c2a45470cda8470aea8f0	2022-06-13	Westpoort	artic_v4.1.bed
673ad95461d4d125ddcdf0569bdc9037	2022-06-13	Haarlem Schalkwijk	artic_v4.1.bed
2c604554421b380e7f766c1fcb678d17	2022-06-14	Harnaschpolder	artic_v4.1.bed
0045140e1f284e622111b084c60ef630	2022-06-14	Houtrust	artic_v4.1.bed
89d12cfff16a9fe9f9bca2517702601f	2022-06-14	Lelystad	artic_v4.1.bed
9f737fed6ccca3144fadea1e939c8adb	2022-06-13	Utrecht	artic_v4.1.bed
c4e49f9f5aca28b3a258a4a4f319636e	2022-06-14	Westpoort	artic_v4.1.bed
c3ca930d715ee26ba10fc5bf3f6eaefe	2022-06-13	Woerden	artic_v4.1.bed
f947d845d5eb6064cbdca795ee19dc9b	2022-06-15	Amsterdam West	artic_v4.1.bed
96b1571496b640e2fe9096e746791270	2022-06-15	Westpoort	artic_v4.1.bed
d03df3e0a37a2c47a0833a4ac9f6e496	2022-06-14	Woerden	artic_v4.1.bed
3ee6cc30dae8345b9bd33cc517f25b25	2022-06-15	Haarlem Schalkwijk	artic_v4.1.bed
393f7490d137c27f3cca8c3b22b358f9_001	2022-01-17	Westpoort	artic_v3_low_pool.bed
37cd53e35d6bb403676a82106fb7a55c	2022-06-16	Woerden	artic_v4.1.bed
9b55b36915afd7a91cd1eb7c2f7a2c87	2022-06-17	Amsterdam West	artic_v4.1.bed
248780ccf4c69c9715b96258abee38f1	2022-01-18	Amsterdam West	artic_v3_low_pool.bed
2d24011596e23f0ecd222cb4c3eb304a	2022-06-19	Katwoude	artic_v4.1.bed
e81f2ef2ec7b5db784b9747093798ca6	2022-06-17	Westpoort	artic_v4.1.bed
a211b5807c060d5886225029db5425b2	2022-06-17	Woerden	artic_v4.1.bed
84ef50ad8369eab4523d7cca05cf94fd	2022-06-20	Harnaschpolder	artic_v4.1.bed
37b63727b1b03f3a2d15a9b2e5a77ea4	2022-06-20	Hilversum	artic_v4.1.bed
f63cfd6e41cadc7056170f1761839844	2022-06-20	Houtrust	artic_v4.1.bed
7c6d5b9ae651b2eb60827ea8fd6547d1_001	2022-06-20	Lelystad	artic_v4.1.bed
68b011182ce4fd4d2ac061d52966b221_001	2022-06-20	Westpoort	artic_v4.1.bed
51467d67583131e8d02908de7d99deb4	2022-06-21	Amsterdam West	artic_v4.1.bed
ff5138242c70e650b91ad3e873832e27	2022-06-21	Bosscherveld	artic_v4.1.bed
3388609bd396c000eda89d5700454fd4	2022-06-21	Harnaschpolder	artic_v4.1.bed
8697e1fbbe329734073ab1c5c2257498	2022-06-21	Houtrust	artic_v4.1.bed
0f73839eb9bad99570d482b94319a115	2022-06-21	Westpoort	artic_v4.1.bed
9bc43a694b2212baeaeb60d46977dd8c	2022-06-22	Katwoude	artic_v4.1.bed
715cac485ffaab1f3737f1b91ad6bc90	2022-06-22	Westpoort	artic_v4.1.bed
e66f8fe64f80ebcade9f106e887c1138_001	2022-06-21	Woerden	artic_v4.1.bed
0c4ed941e2696eb8c5ad97dc297f4bda_001	2022-06-22	Woerden	artic_v4.1.bed
7bc3568ef8a3fd3ffe654a0814d44124	2022-06-26	Bosscherveld	artic_v4.1.bed
429295afc032308d985995ff57ada195	2022-06-26	Katwoude	artic_v4.1.bed
9ec514f69fb6601ae4dce38b65eebe36	2022-06-26	Woerden	artic_v4.1.bed
201209d03a476cdf5f14f50457f65147	2022-06-27	Amsterdam West	artic_v4.1.bed
0bda66fb827c360b9bf70dd13e649fc6	2022-06-27	Harnaschpolder	artic_v4.1.bed
13930674765b971b16a78584ed75ade6	2022-06-27	Houtrust	artic_v4.1.bed
ed064fcdb08ccc1dd7bb91c3c8de50ab_001	2022-06-27	Lelystad	artic_v4.1.bed
8e80f829f68ba80462a0f2a11d96bdb4_001	2022-06-27	Westpoort	artic_v4.1.bed
e7e55e0f5a5537f76ac37a2693163b32	2022-06-28	Katwoude	artic_v4.1.bed
58c2f497939af0f9d6172123de2c2916	2022-01-17	Woerden	artic_v3_low_pool.bed
8418fd5fa3b9adea3d0fb4f5b2273077	2022-06-29	Amsterdam West	artic_v4.1.bed
9407807b958ede7c12984d1ef8213ac3	2022-06-29	Hilversum	artic_v4.1.bed
b04abee10ab4da3c5b963df61febcc18	2022-06-29	Katwoude	artic_v4.1.bed
ef481ceb8a96ff76873750c3fd793de4	2022-06-28	Woerden	artic_v4.1.bed
1fd068637c5a191211b275ad86fbb97e	2022-06-30	Bosscherveld	artic_v4.1.bed
f3239876dc4508a80ac4fdce6c7ed433	2022-06-29	Woerden	artic_v4.1.bed
2fb74603c6e1f7e133aff43b8ee41e95	2022-01-01	Woerden	artic_v3_low_pool.bed
516adeaa29128b4dc3b9857dff510e1e	2022-01-02	Woerden	artic_v3_low_pool.bed
ad07cf7833774365be0d0827fd421ec8	2022-07-02	Katwoude	artic_v4.1.bed
57a72c4fc26590cbe4231041fe75e3f0	2022-07-03	Woerden	artic_v4.1.bed
117ed5839e5b4b2882a1a1e107356317	2022-07-04	Amsterdam West	artic_v4.1.bed
c21207980d18a9f901f41a0fd554ce27	2022-07-04	Harnaschpolder	artic_v4.1.bed
91e58b7181d42b91bd4bed78966ef675	2022-07-04	Houtrust	artic_v4.1.bed
44efc79057a2c99873b53f82d48a3d07	2022-07-04	Westpoort	artic_v4.1.bed
778f969fa1cadced06a446c2db6bef6b	2022-07-04	Bosscherveld	artic_v4.1.bed
5204e02820aa9d4cb18638c8106134bd	2022-07-05	Harnaschpolder	artic_v4.1.bed
7b23add78b98b4142232120ab79b79b1	2022-07-05	Houtrust	artic_v4.1.bed
d382b804d8ce3dbefea042d05f1186cd	2022-07-05	Lelystad	artic_v4.1.bed
61147cd24e10d40512787b6244200442	2022-07-05	Westpoort	artic_v4.1.bed
051e2eb4e1694d6ba8d90e939df445ba	2022-07-04	Woerden	artic_v4.1.bed
f81fccfe149094cf170161a8d8a7c262	2022-07-06	Amsterdam West	artic_v4.1.bed
3ef6afdd54523c0b9d4d4592a32a97e1	2022-07-06	Hilversum	artic_v4.1.bed
590754b6b1206c720a383c07112dce46	2022-07-06	Westpoort	artic_v4.1.bed
55a8afe2f35e4831cc7aa97f3b438c53	2022-07-05	Woerden	artic_v4.1.bed
32b8387da06b4dd9d10ecdd536e77747	2022-07-07	Bosscherveld	artic_v4.1.bed
9796cf5016d4c8b2a42dc25ba94f5906	2022-07-06	Woerden	artic_v4.1.bed
1783f5f0150369ca08eef5e65406613f	2022-07-08	Amsterdam West	artic_v4.1.bed
868c30a21946e164081517303f48a8d9	2022-07-10	Katwoude	artic_v4.1.bed
4def494df44237ec0b1b9e34a21cdc04	2022-07-09	Lelystad	artic_v4.1.bed
daa1f8e1c5b405a66915c277db1bd11b	2022-01-18	Woerden	artic_v3_low_pool.bed
85978ef5461496436a6122b7e7d01c1e	2022-07-08	Westpoort	artic_v4.1.bed
dc881307f848000a64eac997b658db21	2022-07-11	Amsterdam West	artic_v4.1.bed
5d04f98ad0744adb9578a855e5a92b09	2022-07-12	Amsterdam West	artic_v4.1.bed
e5c38c15fcaed0dda4e0305bc975723d	2022-07-12	Harnaschpolder	artic_v4.1.bed
679601cca192b3a03d6bcf48755dae91	2022-07-12	Hilversum	artic_v4.1.bed
3d2f2b7ccd838deeba06430a0c26553d	2022-07-12	Katwoude	artic_v4.1.bed
538ff940cba58ced89701b94c52446f8	2022-07-12	Westpoort	artic_v4.1.bed
555d96b1c196dc6bff2771d8b28e7f44	2022-07-13	Amsterdam West	artic_v4.1.bed
83cd733cf3bfba6bf12133d2b1673560	2022-07-13	Westpoort	artic_v4.1.bed
f7629bcff3e760b96c1fec14decc5085	2022-07-12	Woerden	artic_v4.1.bed
e032b0a0990dd7fe238c63d01566ab8b	2022-07-14	Bosscherveld	artic_v4.1.bed
039a1ed24b09eb6e741766156e03f8e8	2022-07-13	Woerden	artic_v4.1.bed
fb4e129410871687599d0d94283ca041	2022-07-14	Woerden	artic_v4.1.bed
ecc841b93bcf8b0647d453436e620f34	2022-07-18	Amsterdam West	artic_v4.1.bed
f2b051219510295c7c6be16fa765e20e	2022-07-18	Harnaschpolder	artic_v4.1.bed
a569b0cc5a132cf57a6809fad0bf227f	2022-07-18	Westpoort	artic_v4.1.bed
525a965d56e7560a4e7ea6595db089ce	2022-07-19	Amsterdam West	artic_v4.1.bed
7568d66177f4d95a1493f677ca96a2a4	2022-07-19	Houtrust	artic_v4.1.bed
6042da6b9919726ccda73e38bdeb2b34	2022-07-19	Katwoude	artic_v4.1.bed
954b8b2d09d153d628e1656e276d0759	2022-07-19	Westpoort	artic_v4.1.bed
11989c9c7008534fe212ae0b0839b15f	2022-07-18	Woerden	artic_v4.1.bed
59042aa78aa16ddb17a78494821797ed	2022-07-20	Westpoort	artic_v4.1.bed
d39e73c9e3931509285b8c4fd9021a4b	2022-07-19	Woerden	artic_v4.1.bed
baa7bb111c0469fec86f5bd73f2522e5	2022-07-20	Harnaschpolder	artic_v4.1.bed
8fdf1306b7f8990970008eb64898d8b9	2022-07-21	Lelystad	artic_v4.1.bed
d85ae7313f3d03ec7639c818ab168426	2022-07-20	Woerden	artic_v4.1.bed
8243cf02e80d93f85062fbb80a186960	2022-07-23	Woerden	artic_v4.1.bed
b1dfea741cba8cbd2a997c25d99eaa8c	2022-07-23	Katwoude	artic_v4.1.bed
7d63b9af8b6ea2eb1406bf2800e1ec2e	2022-07-25	Amsterdam West	artic_v4.1.bed
c9f78ade3fe3924160e791a13bc1ad61	2022-07-26	Houtrust	artic_v4.1.bed
2d1441a6d2d117eff55579861c4cf2b0	2022-07-25	Westpoort	artic_v4.1.bed
737c8a3cca154a5007fc57fbbb6c6443	2022-07-26	Amsterdam West	artic_v4.1.bed
6b286a74492eb94c28a8dead764a1312	2022-07-26	Hilversum	artic_v4.1.bed
5bb8079bb2452d1ec8cc6f896522fd4e	2022-07-26	Lelystad	artic_v4.1.bed
50e32b258d259de3948606389bd3f7df	2022-07-26	Westpoort	artic_v4.1.bed
a6aa0c62d6c8d031779222b6b0945b10	2022-07-25	Woerden	artic_v4.1.bed
bdee5c356902ea0cba00d9f08bae6339	2022-01-19	Woerden	artic_v3_low_pool.bed
28f63989581260519e299ac8b9ffd44b	2022-07-27	Katwoude	artic_v4.1.bed
4fe3b78d8ecffb77bca1e30dcb301f92	2022-07-31	Woerden	artic_v4.1.bed
2b9b3bfb3d3a9d7beb50bb0839320af0	2022-07-28	Houtrust	artic_v4.1.bed
011534a3adcdf1d3468048c2b9947bb6	2022-07-28	Katwoude	artic_v4.1.bed
3b7aa8097c6e8b9e62ee02a5cd6f6830	2022-07-27	Woerden	artic_v4.1.bed
0c65c117d491b3202b16ae6ee6b8e53f	2022-07-28	Woerden	artic_v4.1.bed
457181391e048f6fe2fd8190226c3622	2022-07-30	Haarlem Schalkwijk	artic_v4.1.bed
d1519903125630007a08340cef51b66c	2022-07-31	Katwoude	artic_v4.1.bed
979950af41b2eb5f95c16deff170c676	2022-08-01	Bosscherveld	artic_v4.1.bed
bbb58886d6e36480758a6abda3b7548e	2022-08-01	Harnaschpolder	artic_v4.1.bed
f411d970663aa69bc460c6dfdfde8e55	2022-08-02	Amsterdam West	artic_v4.1.bed
d0dfe1848da6fdc25db9438bc50f17bc	2022-08-02	Hilversum	artic_v4.1.bed
ab935703c3a18428f3600fdcca1d3119	2022-08-02	Houtrust	artic_v4.1.bed
5a7e9f19295c5e43ea8f836027fc3935	2022-08-02	Katwoude	artic_v4.1.bed
2f7ff562a3f11268ae6983f47bac511b	2022-08-02	Westpoort	artic_v4.1.bed
9e39750a0c9c9a793f1346e0536d9ccf	2022-08-01	Woerden	artic_v4.1.bed
5741e3de964d17173abe49df343161c3	2022-08-02	Woerden	artic_v4.1.bed
479868524fe14728498a8c6aeb0a8b7e	2022-08-04	Harnaschpolder	artic_v4.1.bed
906dec25cad670203cecb6b6a2ab9f9e	2022-08-04	Houtrust	artic_v4.1.bed
8c5523a52273fc03696d0105fbb5d407	2022-08-04	Katwoude	artic_v4.1.bed
ccf1bc107179af16407e1fa7da2e6c5b	2022-08-04	Lelystad	artic_v4.1.bed
1b4d9e3f114606ea2b9883b57e0a95e5	2022-08-03	Woerden	artic_v4.1.bed
1ce2f21b123f02054d54986a25459940	2022-08-04	Woerden	artic_v4.1.bed
8fa7cf9fba308e1a59cc287ae8d7846f	2022-08-06	Katwoude	artic_v4.1.bed
639e1a5024b212e9778e527fc699ede6	2022-08-08	Amsterdam West	artic_v4.1.bed
30394d75e0e9028857e7569b24f57de6	2022-08-08	Hilversum	artic_v4.1.bed
e140cd0621002b01a20b43429ebcc8a2	2022-08-10	Houtrust	artic_v4.1.bed
265e44beff61f206b6a7bfee34584453	2022-08-09	Westpoort	artic_v4.1.bed
b027d09e91e9f56759066144daffc712	2022-08-08	Woerden	artic_v4.1.bed
7e46239a5f2ce36689dcb387091ba2b4	2022-08-10	Amsterdam West	artic_v4.1.bed
19dc51aabda634b7b826fae647a10fe4	2022-08-10	Hilversum	artic_v4.1.bed
fb1a0c66983b70ba3b4d95ca711afcb6	2022-08-10	Katwoude	artic_v4.1.bed
eea3eacf5eb569d4a19db30e46add046	2022-08-10	Westpoort	artic_v4.1.bed
aacf926778003421bb7323360008fd7a	2022-08-09	Woerden	artic_v4.1.bed
4e6dbe9a6a92fb13dd9f3b4298d4ef4e	2022-08-11	Bosscherveld	artic_v4.1.bed
129a6fc9752bfc740a1300fd2e8d45f0	2022-08-11	Houtrust	artic_v4.1.bed
ae61b759d1aa5c4c2a03040262464d2f	2022-08-10	Woerden	artic_v4.1.bed
94f3f35faf4dd3810d4e8d3222cc28ae	2022-08-11	Woerden	artic_v4.1.bed
d6841aa735656e3ec10f92a904abe176	2022-08-15	Harnaschpolder	artic_v4.1.bed
f6dccb94388ae4e1d824a7631768f47f	2022-08-16	Houtrust	artic_v4.1.bed
4725c43fb74d4f900de48205e6792c41	2022-08-16	Katwoude	artic_v4.1.bed
9c4a152fc1fe2329906c67cc5c0986a3	2022-08-16	Lelystad	artic_v4.1.bed
3575b1c8f14a7d094cde95fcc7b82dc2	2022-08-17	Amsterdam West	artic_v4.1.bed
b7feaad069dfdb7397ef876374f146cd	2022-08-17	Westpoort	artic_v4.1.bed
5ad427f63c94440c1e14b793346fd4d8	2022-08-21	Katwoude	artic_v4.1.bed
6fefe314bc393002d427b7ab75a35ddd	2022-08-19	Westpoort	artic_v4.1.bed
72b3f895dc8bfd0e4abee734cc8ff589	2022-01-24	Amsterdam West	artic_v3_low_pool.bed
f833da0fef0de43dd9e8e5a528a2bb5e	2022-08-22	Westpoort	artic_v4.1.bed
854b7a98a221f4bdf72d219b2af64cc9	2022-08-23	Amsterdam West	artic_v4.1.bed
58626bd73d2f551e524bb528a0c83b4c	2022-08-22	Haarlem Schalkwijk	artic_v4.1.bed
8442b5312a304fd216a9a8802970fe1d	2022-08-23	Hilversum	artic_v4.1.bed
e03bcfee59160446e0e657e371e5700e	2022-08-23	Houtrust	artic_v4.1.bed
0eb6ff39c6a06e466c29befc52e64464	2022-08-23	Lelystad	artic_v4.1.bed
dd79abe756f65ddca4e4085417ee0b9b	2022-08-23	Westpoort	artic_v4.1.bed
c8c1a960a7b1b82efdde3ddda4a89d69	2022-08-22	Woerden	artic_v4.1.bed
074209e2df6ac71825d93dd7bd4ea76e	2022-01-24	Harnaschpolder	artic_v3_low_pool.bed
c922ddbfd39d1ee0c3a2e92c7bc5230f	2022-08-24	Katwoude	artic_v4.1.bed
2d40fda59fce4732febed6ea53bcf7e4	2022-01-24	Hilversum	artic_v3_low_pool.bed
293c8177d078f7d4642b3cca5b0f8e8a	2022-01-24	Houtrust	artic_v3_low_pool.bed
7e9a7f3129eff7cc98cb4e78df5086ae	2022-08-23	Woerden	artic_v4.1.bed
6b5819c572733f9111b7dac5fbf42bc6	2022-01-24	Lelystad	artic_v3_low_pool.bed
c4469ac223ae06c5eac65b0dd010f987	2022-08-25	Katwoude	artic_v4.1.bed
4ce27d25c29cd20abb2371271fd850aa	2022-08-25	Lelystad	artic_v4.1.bed
f92b9fb75215d2d59bd7a772de01ef5e	2022-08-25	Woerden	artic_v4.1.bed
bf5284c879695bf97f93e4e1344dfbde	2022-08-26	Westpoort	artic_v4.1.bed
8940dd6b2d08dca30748fccb3d19104f	2022-08-28	Woerden	artic_v4.1.bed
67fbd0337e56c1dea776dbb02d23cb40	2022-08-29	Amsterdam West	artic_v4.1.bed
08847a37617947057ab1ecd1d6801863	2022-08-29	Bosscherveld	artic_v4.1.bed
5b3cf0c8627cd5487eac80e8674c0837_001	2022-08-29	Hilversum	artic_v4.1.bed
c8633bb10523d49a6f64fc83104504e6	2022-08-29	Houtrust	artic_v4.1.bed
73e240047404f1207b7420851e1c1c77	2022-08-29	Westpoort	artic_v4.1.bed
d7c5df9ee26ac28233a273adf3d6eb04_001	2022-08-30	Houtrust	artic_v4.1.bed
ce00a875e1e08a43325cc39e6c31db19_001	2022-08-29	Woerden	artic_v4.1.bed
74722fd84b9cd649f2c4e2db360a9fb6_001	2022-08-31	Amsterdam West	artic_v4.1.bed
a872eb276a04d44b4a9c041b5817ea79_001	2022-08-31	Katwoude	artic_v4.1.bed
5f7891584a884240bfaaa3c15a8b6b39_001	2022-08-31	Lelystad	artic_v4.1.bed
a6e814677b06c3cdbd1d97bbb3fe4d99_001	2022-08-31	Westpoort	artic_v4.1.bed
15f6744cb878362ad472e1d4112bd01c_001	2022-08-30	Woerden	artic_v4.1.bed
1730ad0ac9759ea67129f9e7a8497898_001	2022-08-31	Haarlem Schalkwijk	artic_v4.1.bed
a0d9ff7030a45168d43940800c4aeb4b_001	2022-08-31	Harnaschpolder	artic_v4.1.bed
fc40eb45d9937acb9ad42cce3f4443c5	2022-09-01	Houtrust	artic_v4.1.bed
f0633faf530cce531c03f3141c6e1204	2022-09-01	Katwoude	artic_v4.1.bed
7721b0ad9464fcfd69aab5cef5e7cf22	2022-09-01	Lelystad	artic_v4.1.bed
b2bdca05e13a658e341fe70ab74fd49d	2022-09-01	Woerden	artic_v4.1.bed
4928db355269481f5aa4cd922c047c85	2022-09-02	Amsterdam West	artic_v4.1.bed
933a9edad3629b5d1ab1500e23aa2591	2022-09-03	Katwoude	artic_v4.1.bed
f5594846686ef2642f1788436b8216ab	2022-09-04	Woerden	artic_v4.1.bed
bb5e5cc15b126c292b1d0a54bcf58f3b	2022-09-07	Bosscherveld	artic_v4.1.bed
9fb7e7724838cdcfacef3a990fff4c58	2022-09-05	Harnaschpolder	artic_v4.1.bed
a9c877f4679c6ec98f5d2bf6a54345f7	2022-09-05	Westpoort	artic_v4.1.bed
3bb40a27aa7aa64043e71530d9f9075b	2022-09-06	Harnaschpolder	artic_v4.1.bed
1561307d0b709fe3436cffc48846f971	2022-09-06	Hilversum	artic_v4.1.bed
dab5801ae5b068836f63fc73ca5c70c6	2022-09-06	Houtrust	artic_v4.1.bed
ea7ae9b66914249f387c892f6a4dcc87	2022-09-06	Westpoort	artic_v4.1.bed
fd336915f18fa73bfc843cc37f1c89dc	2022-09-05	Woerden	artic_v4.1.bed
2c24b74d130c0a652f2c590fba0c8b34	2022-09-07	Lelystad	artic_v4.1.bed
cb0eb546dcc2f66712dab6d8e1161334	2022-09-07	Westpoort	artic_v4.1.bed
dd96a2cadc95880035882efc3dd37e80	2022-09-07	Haarlem Schalkwijk	artic_v4.1.bed
c841f70eb65a7a2adc59b7e9f3c4bd9b	2022-09-08	Haarlem Schalkwijk	artic_v4.1.bed
ebb5b0d6398e0af7e630be2621fa4400	2022-09-08	Houtrust	artic_v4.1.bed
00df5dd67049b3adcd98254a67678c15	2022-09-09	Westpoort	artic_v4.1.bed
25a3d1afd52d9c8fa26e6a288cc14207	2022-09-12	Bosscherveld	artic_v4.1.bed
d37b3dc45752c0d5a4227f7898ac6a23	2022-09-12	Harnaschpolder	artic_v4.1.bed
c7cbfe25561f458efcce019d2db07025	2022-09-12	Hilversum	artic_v4.1.bed
69700dcfae59dc35d126ac7bd1986c2a	2022-09-12	Houtrust	artic_v4.1.bed
5259920618668c5071d93a29a812eb57	2022-09-12	Westpoort	artic_v4.1.bed
a9cafe36050ae1098a5df029490fc803	2022-09-13	Amsterdam West	artic_v4.1.bed
c675b3b8fd51502bc405ce2c1549a9cb	2022-09-13	Lelystad	artic_v4.1.bed
4e5f5640e4af8ffe6d469018415fc333	2022-09-16	Westpoort	artic_v4.1.bed
dab9346859ca0ceb11f29382cd196347	2022-09-14	Hilversum	artic_v4.1.bed
f5fb31ae5e88b91c1e990f63f8c8981c	2022-09-15	Harnaschpolder	artic_v4.1.bed
4536f14887e13b0f69cd02371acd892e	2022-09-15	Houtrust	artic_v4.1.bed
dda65c978e4761fc5e64c0cf256bd808	2022-09-19	Bosscherveld	artic_v4.1.bed
706e3bd3174f1def0c58af7854acd25c	2022-09-19	Hilversum	artic_v4.1.bed
3c57971f5187d4089f024b4f76881deb	2022-09-19	Houtrust	artic_v4.1.bed
7352c3e2769b7b2bcfe713f80f1e7228	2022-01-26	Westpoort	artic_v3_low_pool.bed
ff08ffedbeae52018712eaa00a9faea5	2022-09-19	Westpoort	artic_v4.1.bed
6ccc10d8036285bd2d290728bcb7d471	2022-01-25	Woerden	artic_v3_low_pool.bed
24dd0d638d204d3e54b0ad70fbeec79e	2022-09-19	Haarlem Schalkwijk	artic_v4.1.bed
2977a471ce53d9672b7cc95f3c7f6e3e	2022-09-20	Harnaschpolder	artic_v4.1.bed
f60b6e9414e85a491aa6338b07fce4be	2022-09-21	Amsterdam West	artic_v4.1.bed
675cc652f921710adb71e36499e7dc99	2022-01-27	Amsterdam West	artic_v3_low_pool.bed
76e6aab25c46c683ce6d6827c83400ef	2022-09-20	Lelystad	artic_v4.1.bed
9d377804e1f0e8d34e62953d2604b909	2022-09-21	Westpoort	artic_v4.1.bed
e89bdf00399314a5f6bd561570c987d4	2022-09-22	Harnaschpolder	artic_v4.1.bed
9cf381a3c3a6707acb3b9db68575f3f9	2022-09-22	Houtrust	artic_v4.1.bed
a8df1794c9e776311e0786e663dbc63b	2022-09-27	Harnaschpolder	artic_v4.1.bed
1252deb2d36edb14e3ce27e5ea44f552	2022-01-26	Haarlem Schalkwijk	artic_v3_low_pool.bed
85365bb10c454c4c02e49e2f8e8980ba	2022-09-27	Lelystad	artic_v4.1.bed
38f222aec6d315a64b196256b2024042	2022-09-28	Westpoort	artic_v4.1.bed
4cc3bca01213193a2bb45be10d83d476	2022-09-29	Bosscherveld	artic_v4.1.bed
9e706eb1ec3de476ca637faab399e45d	2022-09-29	Houtrust	artic_v4.1.bed
a6c6a141820354fdb9b93d665ca4a28f	2022-10-03	Harnaschpolder	artic_v4.1.bed
389c260a84f20113276c40bc5e7dea3d	2022-10-04	Amsterdam West	artic_v4.1.bed
3ca5b561735f6a1009236b843092be84	2022-01-03	Haarlem Schalkwijk	artic_v3_low_pool.bed
bcb072c0fdbe7bbe4cdd941960dbdef7	2022-10-04	Hilversum	artic_v4.1.bed
6cfa62dad1a59616a541877f7f73e942	2022-10-04	Houtrust	artic_v4.1.bed
96ebebc5aab2c9e6199fe852aee5d75c	2022-10-04	Lelystad	artic_v4.1.bed
db9b7507be463fa83e33863a6515cb4d	2022-10-04	Westpoort	artic_v4.1.bed
e16565ade0306b70bf776d3c3494a664	2022-10-06	Bosscherveld	artic_v4.1.bed
128da34c1f1fe614814c0d981f724dc6	2022-10-06	Houtrust	artic_v4.1.bed
c76e646a4e6db8659f7cfa7743f7af2f	2022-10-06	Lelystad	artic_v4.1.bed
16808487c2426b132d423eed8f1c6b1b	2022-10-10	Houtrust	artic_v4.1.bed
3dcc583ed800c99888fae517f2c76a04	2022-10-11	Amsterdam West	artic_v4.1.bed
5505991bbc0e464580ecd251453cab7d	2022-10-10	Haarlem Schalkwijk	artic_v4.1.bed
1afb3459e6b283d3346ea788d5c0cd6e	2022-10-11	Harnaschpolder	artic_v4.1.bed
8f31d09d51de92c0f0668bc828065ad7	2022-10-11	Hilversum	artic_v4.1.bed
03b2348ac783101b928a3f50dd89cd03	2022-10-11	Katwoude	artic_v4.1.bed
fece0cd92e62b3e0f2d2b6dd513909dc	2022-10-11	Westpoort	artic_v4.1.bed
59e9333f49bc975fa05332bca0dd0be1	2022-10-12	Lelystad	artic_v4.1.bed
c3f6ae724bd3fc14013e1393da2ae669	2022-10-12	Westpoort	artic_v4.1.bed
b6c37369fb5ae3f3cee3cb266ed9acb9	2022-10-11	Woerden	artic_v4.1.bed
bfde5a146cf550f1e11685f0c621a824	2022-01-04	Houtrust	artic_v3_low_pool.bed
f045ebf766490a364badd0772bd38629	2022-10-13	Harnaschpolder	artic_v4.1.bed
109ccb3a32df906a5f20e5411a0fff16	2022-10-17	Hilversum	artic_v4.1.bed
a2bac9c7b793123f7f7c84b8325c7dc1	2022-10-17	Houtrust	artic_v4.1.bed
af05da07621073ea633fcaf2a31d2355	2022-10-18	Amsterdam West	artic_v4.1.bed
f7f6f719fadec4239e1669e08f49d951	2022-10-17	Haarlem Schalkwijk	artic_v4.1.bed
8cd28f1f76da989766906943d354b80a	2022-10-18	Harnaschpolder	artic_v4.1.bed
a3cd58b158be1bcd36319d5d7c54365d	2022-10-18	Lelystad	artic_v4.1.bed
317acb51f7c73caa52fd84bebe01b3b7	2022-10-18	Westpoort	artic_v4.1.bed
12db0d5ff32106d7d2d22c522248d6f6	2022-10-17	Bosscherveld	artic_v4.1.bed
bf15e6a4c93ef4fd85b86080f8f7bf06	2022-10-19	Hilversum	artic_v4.1.bed
2e2fab8440f017e0facaf0f4c16b4287	2022-10-20	Bosscherveld	artic_v4.1.bed
afbe69259c46a8bb758b26a5e3a2ec20	2022-10-20	Harnaschpolder	artic_v4.1.bed
71e4f711d4b4b64a41a43213d9a7d2fa	2022-10-20	Houtrust	artic_v4.1.bed
f3ce24f840a6493f2f6c35699333ad33	2022-10-24	Amsterdam West	artic_v4.1.bed
3bd9decbc7f2b83420a2a83903f09243	2022-10-24	Houtrust	artic_v4.1.bed
1b74cea8fd252ea01e03ac89aa9957ca	2022-10-24	Lelystad	artic_v4.1.bed
2768947a3a400ce03233679883a2f5e1	2022-10-25	Harnaschpolder	artic_v4.1.bed
1b87e9c8e1852043c6cdc64c1b822837	2022-10-25	Hilversum	artic_v4.1.bed
14b2155e25493e2d456e78bbbb725273	2022-10-25	Lelystad	artic_v4.1.bed
a3477702a6336f33acf9d5350a0d47db	2022-10-25	Westpoort	artic_v4.1.bed
851169d80cb678849b326e328f8d5aa9	2022-10-26	Amsterdam West	artic_v4.1.bed
0fe66b7a2d13623ffa7e44a0e018317c	2022-10-25	Haarlem Schalkwijk	artic_v4.1.bed
e7f3e621ce147590f1942b5b9f41f13c	2022-10-31	Amsterdam West	artic_v4.1.bed
b71de6d88c2a3825faaf3b55a599abba	2022-10-31	Houtrust	artic_v4.1.bed
ba13a2e1666b9b7055676cc5efb5a310	2022-10-31	Lelystad	artic_v4.1.bed
f6a2b90260fa1de9676aaaf12fbb91b2	2022-10-31	Westpoort	artic_v4.1.bed
a46657de9d268309f0d48d244204eb93	2022-11-01	Amsterdam West	artic_v4.1.bed
71e68ed2d177c76b298896ea54d8efa0	2022-11-01	Houtrust	artic_v4.1.bed
974630c725acc8d02c417ed15aeab027	2022-11-01	Katwoude	artic_v4.1.bed
39311863146035cf645e2aff35bcfca0	2022-11-01	Westpoort	artic_v4.1.bed
e27886f6b680217c4363d3a5655f956c	2022-10-31	Woerden	artic_v4.1.bed
b92743db044ee98aad5b9f053f2c9251	2022-11-02	Haarlem Schalkwijk	artic_v4.1.bed
5bf4b958f8509b0464dbd9e851f78292	2022-11-02	Harnaschpolder	artic_v4.1.bed
e767b89b3bfb88636bfb66c2b310c631	2022-11-03	Lelystad	artic_v4.1.bed
ecfa90cd8e5770e2caeaca139c1eeeac	2022-11-07	Bosscherveld	artic_v4.1.bed
d229668670d5d15c898c526f2b7b85e4	2022-11-07	Houtrust	artic_v4.1.bed
6b983f1039a8aaa8dacade2560c84c93	2022-11-07	Westpoort	artic_v4.1.bed
32262f6bd81eb7e5deda9d6bdec489bc	2022-11-08	Haarlem Schalkwijk	artic_v4.1.bed
a77dd9e31b3300b5bd97b5d084de948e	2022-11-09	Hilversum	artic_v4.1.bed
ae5dba033780d37b23ff2a0f52f78e15	2022-11-10	Houtrust	artic_v4.1.bed
0e21b61b31ede6f26ecd4d778d6f6973	2022-02-01	Harnaschpolder	artic_v3_low_pool.bed
b89e1518922a93236bdd77d6b4902842	2022-02-01	Houtrust	artic_v3_low_pool.bed
a4df666cab249871099f6a4c04f0c6e2	2022-11-14	Harnaschpolder	artic_v4.1.bed
0edd134bc1dbfd165dbc650375d2f7eb	2022-11-14	Lelystad	artic_v4.1.bed
0d232661363e62f20e0f385dc8aac50b	2022-11-15	Amsterdam West	artic_v4.1.bed
ad32c957e1e95d45d422092a2f1d3628	2022-11-15	Houtrust	artic_v4.1.bed
e2df808899963edfc845365deab4a869	2022-11-15	Haarlem Schalkwijk	artic_v4.1.bed
c9ef8f7462c65fa3b0729cb37e685627	2022-11-16	Hilversum	artic_v4.1.bed
fd14dc6bd33587c00652031fa65d6042	2022-11-17	Lelystad	artic_v4.1.bed
896e429df4cc5eeb2789a6158bb09ee3	2022-01-31	Woerden	artic_v3_low_pool.bed
d3103ae31f2d4c90dabdbe36b9c41738	2022-11-21	Hilversum	artic_v4.1.bed
0d6cfd833f8ed1a0fad957c579da49e2	2022-11-21	Lelystad	artic_v4.1.bed
99c3e490b166ff0a6bc9333dc2ecca46	2022-11-22	Houtrust	artic_v4.1.bed
3ff5f356a79bcb6f917b09421305c710	2022-11-21	Utrecht	artic_v4.1.bed
c1e2c40bf36b29062df8dd8563d3b344	2022-11-22	Haarlem Schalkwijk	artic_v4.1.bed
1cc589db30146466cb1b65dafd2d3fd7	2022-11-23	Katwoude	artic_v4.1.bed
e222ee9584452b07e7b4a59f9181c601	2022-02-01	Haarlem Schalkwijk	artic_v3_low_pool.bed
fdc984e2bdcd9e1e30c461483bdce039	2022-11-22	Utrecht	artic_v4.1.bed
32b5af36d7da2835235313f3a974f261	2022-02-02	Hilversum	artic_v3_low_pool.bed
fb2d996408f0a435ee12ab338e8e05d1	2022-11-24	Bosscherveld	artic_v4.1.bed
d622fe4873c39db68cb56c43fcdaeae6	2022-02-02	Katwoude	artic_v3_low_pool.bed
b4f4951521d61ed9c374ae363e0ab582	2022-11-24	Lelystad	artic_v4.1.bed
2509653a519edfaccc5d19bc8b4b8abd	2022-11-28	Houtrust	artic_v4.1.bed
e832e3d1f60ccfea75af34369ae2f012	2022-11-28	Westpoort	artic_v4.1.bed
3658f054550922827fcf8c9c14f5e552	2022-11-29	Harnaschpolder	artic_v4.1.bed
8fbf3d7b21f7c2ecc59e7516bf8520c8	2022-02-02	Westpoort	artic_v3_low_pool.bed
26be013935cbe1619074363e00368eca	2022-02-01	Woerden	artic_v3_low_pool.bed
8705ec93b4b4794577ca703b41ca4edc	2022-11-30	Amsterdam West	artic_v4.1.bed
07f4a3d9dc8f71890dc110fd8ce1d846	2022-11-30	Hilversum	artic_v4.1.bed
da9e930f4e4c38f89dbc9924fc78a3b7	2022-11-30	Lelystad	artic_v4.1.bed
2f4c99525ad4b802d1d304ef33fdec80	2022-12-01	Bosscherveld	artic_v4.1.bed
78955153e397838bb0f3d508ed518540	2022-12-01	Haarlem Schalkwijk	artic_v4.1.bed
39a5fd98659bb342192cadc26be7b6e4	2022-12-01	Katwoude	artic_v4.1.bed
cc6190d61ee73f9533f70931935a08f0	2022-12-05	Amsterdam West	artic_v4.1.bed
76ce503529e358e61fa4a180275072be	2022-12-05	Bosscherveld	artic_v4.1.bed
d443350ae4188e470f2f00eef036964e	2022-12-05	Harnaschpolder	artic_v4.1.bed
b7dd970b32ba6fc0ec5e450442f88bd7	2022-12-05	Houtrust	artic_v4.1.bed
875b563d17059b1c528d6f620f0ed007	2022-12-05	Lelystad	artic_v4.1.bed
f15212c96dde7f09f727664d0701f4fa	2022-12-06	Amsterdam West	artic_v4.1.bed
739abb07243abad32044f1aeca92e7a4	2022-12-06	Katwoude	artic_v4.1.bed
40f39daf81078d8bc00cdcb11b429797	2022-12-06	Westpoort	artic_v4.1.bed
41c89a906a31164f0980c0dcb0b49b8f	2022-12-05	Woerden	artic_v4.1.bed
f9fca2accf33b7aa47834833db367a7d	2022-12-06	Haarlem Schalkwijk	artic_v4.1.bed
ec4db90d0d0d4d2d918ff744f85adcf5	2022-12-07	Hilversum	artic_v4.1.bed
7795b04acee17b45d796798659b273d2	2022-12-08	Katwoude	artic_v4.1.bed
4d8ff41ae5fea4a683d6028dbd09b187	2022-12-10	Amsterdam West	artic_v4.1.bed
03fa2a051a90c52553f98deae471ad89	2022-12-10	Houtrust	artic_v4.1.bed
1760e156f7c22c7d1a78618082bc550d	2022-12-10	Westpoort	artic_v4.1.bed
5f41a2397fae8cd52a9ec8d9b3138448	2022-12-12	Houtrust	artic_v4.1.bed
dc766a17d3153d960350a31408ae2149	2022-12-13	Amsterdam West	artic_v4.1.bed
1ba96d9a559e6d4ca292c06a2523ae62	2022-12-13	Harnaschpolder	artic_v4.1.bed
4d0853779bad6b2e5fb663f866e509d9	2022-12-13	Hilversum	artic_v4.1.bed
3724ec52481123d62cafcf045dc18151	2022-12-13	Katwoude	artic_v4.1.bed
ea3faca6009c2bf32ae4f6943f5f04ed	2022-12-13	Westpoort	artic_v4.1.bed
f4e6c61c9b2cfb975f5a2d8386c9bafa	2022-12-14	Lelystad	artic_v4.1.bed
ed12d87118fd33b2754f7a3c20aea54a	2022-12-13	Woerden	artic_v4.1.bed
0e7257d58cf71477067569d9d65511c6	2022-02-03	Woerden	artic_v3_low_pool.bed
c5b726273c4405980722ffd3a2cdbf85	2022-12-14	Haarlem Schalkwijk	artic_v4.1.bed
f796e29771cb5cd71cdf6a53e0ebe80a	2022-12-15	Houtrust	artic_v4.1.bed
5d434ae5b911416850c178715b000664	2022-02-06	Amsterdam West	artic_v3_low_pool.bed
9c7b9967d53bf4eeefabdfafccc23c5a	2022-12-19	Amsterdam West	artic_v4.1.bed
d06000c602a44e69836c11113f0324ae	2022-12-19	Harnaschpolder	artic_v4.1.bed
ea6497145d060cf7e2172765738f9fb2	2022-12-19	Hilversum	artic_v4.1.bed
eae10ee13a1619fc0fc99408e0bf54ee	2022-12-19	Houtrust	artic_v4.1.bed
c451efe34ba4dd075a9533c85c08f39e	2022-12-19	Westpoort	artic_v4.1.bed
51958d0e3a566138476f05a9539d6c9c	2022-02-06	Bosscherveld	artic_v3_low_pool.bed
53cafc9275de254abeaa975983bac108	2022-12-19	Haarlem Schalkwijk	artic_v4.1.bed
cd7aa2924d73d6bcc8540d6d9177e220	2022-12-21	Katwoude	artic_v4.1.bed
27d76e2c0c7657fd9b2f69a1171f452f	2022-12-21	Lelystad	artic_v4.1.bed
a4a1d0f8af139e00e4d0e95c1620b758	2022-12-21	Westpoort	artic_v4.1.bed
af78152593284cacbecc9fddf1090f2b	2022-12-20	Woerden	artic_v4.1.bed
6c7fd00c39e8ba01fc8d1647560fd290	2022-12-22	Harnaschpolder	artic_v4.1.bed
71c510c4a44c1fd67066bd5c9012cacd	2022-12-22	Houtrust	artic_v4.1.bed
cbfa2faad2b8b48c87f2612af5efefdd	2022-12-22	Utrecht	artic_v4.1.bed
ac9e2fbaae8062fde485a50ea673f9c7	2022-12-25	Bosscherveld	artic_v4.1.bed
454a1146abe56d22ceabf3c1b1a3e38b	2022-12-24	Harnaschpolder	artic_v4.1.bed
ecac34c588e96d046f60756b731fc373	2022-12-24	Houtrust	artic_v4.1.bed
91ce5639c087fbfd9e3d78f362214c19	2022-12-26	Amsterdam West	artic_v4.1.bed
15c9383bc26cfc71b770694f78a51c67	2022-12-26	Harnaschpolder	artic_v4.1.bed
e61f2f557b7fef89aa05b28b1431f328	2022-12-26	Hilversum	artic_v4.1.bed
83f9e0f8542102a94ae54ccd4b69b9a9	2022-12-26	Houtrust	artic_v4.1.bed
eba2162a45c05c81d142357fdfda3d2b	2022-12-26	Lelystad	artic_v4.1.bed
035c89dde048e9f48862ee8b0e3e7f84	2022-12-26	Haarlem Schalkwijk	artic_v4.1.bed
d42df7bf911aa1c66485da618424fe9a_001	2022-12-27	Harnaschpolder	artic_v4.1.bed
469d786dbe2c261d93eb1330911a377f	2022-12-27	Houtrust	artic_v4.1.bed
69b8b5ea3fddcfe6b2730618ec6a4549	2022-02-05	Hilversum	artic_v3_low_pool.bed
64ea28351917b1de72ba72f07602ee9b	2022-12-26	Utrecht	artic_v4.1.bed
cf30fc915993d78a92bd997ecf84336b	2022-12-26	Woerden	artic_v4.1.bed
a826e7e100936f1dc7b1ebe36919c05d	2022-12-29	Bosscherveld	artic_v4.1.bed
28af32db333c1f5f075c55e3d86ea20d	2022-02-05	Woerden	artic_v3_low_pool.bed
e89fb609db8c720bf640f5e972e37f00	2022-02-07	Houtrust	artic_v3_low_pool.bed
e26252f6bfe7667d4b1e88d72298d4e3	2022-02-08	Amsterdam West	artic_v3_low_pool.bed
8e729270e23cd19b25796649a524d102	2022-02-08	Bosscherveld	artic_v3_low_pool.bed
6d1e34ab561d586bf0b723a375699e37	2022-02-07	Haarlem Schalkwijk	artic_v3_low_pool.bed
48018bfb03e79a19dae26eef19c57ee2	2022-02-08	Harnaschpolder	artic_v3_low_pool.bed
00dc1c80223ac86379237058569a17f8	2022-02-09	Woerden	artic_v3_low_pool.bed
fd6c9d3c5c5e30fac2b5c498a925acdf	2022-02-09	Katwoude	artic_v3_low_pool.bed
8ef34b984eb211832542783461fd88b3	2022-02-09	Lelystad	artic_v3_low_pool.bed
f2586b20b1a425b3cf986b6e6adcf92b	2022-02-08	Woerden	artic_v3_low_pool.bed
bd6fe96b4baa9cfaa768172c3cf4175e	2022-01-04	Woerden	artic_v3_low_pool.bed
610974ab2633ff48d20f56acfd0fa77f	2022-02-13	Woerden	artic_v3_low_pool.bed
a0f64bb421206c4c7fa30e4d7eea5730	2022-02-14	Amsterdam West	artic_v3_low_pool.bed
f397601847257bda672408efb570380c	2022-02-14	Hilversum	artic_v3_low_pool.bed
b0685e5966b112235fcec462ea430e49	2022-02-15	Houtrust	artic_v3_low_pool.bed
3010ca899d7fb9f5200f7d31534ea21f	2022-02-14	Westpoort	artic_v3_low_pool.bed
e14199fa900cfca8fafb8f7edd07115a	2022-02-15	Bosscherveld	artic_v3_low_pool.bed
3d573e2fa87b91c94bd6527fe6d3fee8	2022-01-06	Amsterdam West	artic_v3_low_pool.bed
7f29a98a94742ffdfbfe912f188064c1	2022-02-15	Katwoude	artic_v3_low_pool.bed
e4f969611860fe0ea96f89f7842777e5	2023-02-15	Utrecht	artic_v4.1.bed
8f4564b09b8aa9757208ce466290950a	2023-02-20	Bosscherveld	artic_v4.1.bed
5980a9a14e6ea90883e5c0c6e937905c	2023-02-20	Westpoort	artic_v4.1.bed
2e6f3184e4cec95010ef6d6bdef6909a	2023-02-21	Harnaschpolder	artic_v4.1.bed
e3483cc5d89d3423ce99d4f8b29013b0	2023-02-21	Houtrust	artic_v4.1.bed
0ee5272a5b4c23c87e65ef08153175fd	2023-02-20	Utrecht	artic_v4.1.bed
2a5c840d3600c11019cc75f417ed9277	2023-02-22	Amsterdam West	artic_v4.1.bed
7888d1b554a143b0834e2feeaa7346a8	2023-02-22	Hilversum	artic_v4.1.bed
812677a183c3d861f72f1f9a094bdb6f	2023-02-22	Katwoude	artic_v4.1.bed
9f5a0a3639bc16a23b25bb6c8abcf533	2023-02-22	Lelystad	artic_v4.1.bed
608a4a7fddcf26c158ad40972ad73c82	2023-02-22	Westpoort	artic_v4.1.bed
07726e2f0d58eeb439dde2db40d595ba	2023-02-22	Bosscherveld	artic_v4.1.bed
9759bbabb090c8da05e8a03b68ec81d0	2023-02-26	Amsterdam West	artic_v4.1.bed
b9693e5931bec6f586248d0c498f233f	2023-02-25	Harnaschpolder	artic_v4.1.bed
001ffdd5f9219b0da18a6da0d6c26cb3	2023-02-25	Hilversum	artic_v4.1.bed
44fb1c1e95c48df1bec71a0b183db08e	2023-02-25	Houtrust	artic_v4.1.bed
0013edc36a004ac74fe8145a0bce1fce	2023-01-07	Amsterdam West	artic_v4.1.bed
b72d199571920fe0690de4100abbc4ab	2023-02-24	Utrecht	artic_v4.1.bed
32701ffdce0b10870dfe29d250af90c8	2023-02-25	Woerden	artic_v4.1.bed
d118c2f1535bb44deddb8ea772441410	2023-02-27	Bosscherveld	artic_v4.1.bed
7772220716cc23bd328a0b6d28c6931f	2023-02-27	Harnaschpolder	artic_v4.1.bed
6b44ae1b502d585518c59f35547fc76f	2023-02-27	Hilversum	artic_v4.1.bed
1c5df97cc193e15eaca12d927b6b8bf2	2023-02-28	Houtrust	artic_v4.1.bed
ae035047da952da9bffd9c164a4654b5	2023-02-27	Lelystad	artic_v4.1.bed
826d5d6d109e192530138761b4c28349	2023-01-08	Bosscherveld	artic_v4.1.bed
6d7f194d979079985bd18f0aa78ac6a3	2023-02-28	Katwoude	artic_v4.1.bed
486820344196ff67befec436fd90ef9b	2023-02-27	Utrecht	artic_v4.1.bed
beea42ee802e4620454a6d65233de864	2023-02-27	Woerden	artic_v4.1.bed
81fe6ae9b6b3726ea960c5f50dfd3798	2023-03-01	Amsterdam West	artic_v4.1.bed
54a3de32ed7d5f41e485703d10c65fe5	2023-03-01	Westpoort	artic_v4.1.bed
8340f3e0e4114e75c9fae9be824673a9	2023-01-07	Harnaschpolder	artic_v4.1.bed
22ff0695d2e39a7b89ad8a96322c3fe8	2023-01-07	Houtrust	artic_v4.1.bed
64b9c8c7af3383b9099da669f8d4cbf0	2023-03-06	Bosscherveld	artic_v4.1.bed
bba46cf438f0a1516fc8ba226bc9f207	2023-03-06	Harnaschpolder	artic_v4.1.bed
d991f45cbcf4e012c39082e24fbda8d2	2023-03-06	Hilversum	artic_v4.1.bed
24ad0058e7f1e24e0ae30183bd9ff394	2023-01-08	Katwoude	artic_v4.1.bed
f7b38b96b98bcb2c2cdaf1c82533f6ec	2023-03-06	Lelystad	artic_v4.1.bed
0aac729b1e74bd036e79ed5484df0715	2023-03-07	Harnaschpolder	artic_v4.1.bed
185d677ad4ee2dbb73969b6943945b9f	2023-03-07	Houtrust	artic_v4.1.bed
24692936f9ca1722b0628798a6df25de	2023-03-08	Amsterdam West	artic_v4.1.bed
5dd613cfb84ee4b9dc6f29b57e4424ff	2023-03-08	Katwoude	artic_v4.1.bed
357fee3c50bb98a15b72e6c4559f7a85	2023-03-08	Haarlem Schalkwijk	artic_v4.1.bed
e72c4b5b134bd587cef8b42ea7c807cf	2023-03-09	Harnaschpolder	artic_v4.1.bed
168332aef426e53564127ad458dd26f1	2023-03-09	Houtrust	artic_v4.1.bed
577aa17434da33548ca4e1ade34661a9	2023-03-09	Lelystad	artic_v4.1.bed
659952cfba96252484190fcf6154e78e	2023-03-08	Utrecht	artic_v4.1.bed
91226a3865a01de700177f3f1e6ca2d5	2023-03-08	Woerden	artic_v4.1.bed
358e1a6e0eefbff7def2d3cc1a733525	2023-03-09	Woerden	artic_v4.1.bed
114f8b345f00338c1c786282071e22bc	2023-03-13	Bosscherveld	artic_v4.1.bed
bfce484423c6852388a1bd7023630791	2023-03-13	Harnaschpolder	artic_v4.1.bed
b1d3c7f3ba26b43ebd6c4bb50a54ed51	2023-03-13	Hilversum	artic_v4.1.bed
dd2b6f8e5522a4243c7a522790b6e392	2023-03-13	Westpoort	artic_v4.1.bed
96ee66e298ae1ce62535bc400ecc972e	2023-03-13	Haarlem Schalkwijk	artic_v4.1.bed
b967adecf4285919518c9fd44d708d9f	2023-03-14	Houtrust	artic_v4.1.bed
1df3cd2d3b77e840dfd5f527fea3882b	2023-03-14	Katwoude	artic_v4.1.bed
8362010733160e5ae80c224b03bf129a	2023-03-14	Lelystad	artic_v4.1.bed
6702da9b64324bfbd9c4be1940f7d919	2023-03-13	Utrecht	artic_v4.1.bed
5cc40635316f40f3ec89ab445dd422b3	2023-03-13	Woerden	artic_v4.1.bed
51fff8cb020acf0580d4a4690b301fff	2023-03-15	Hilversum	artic_v4.1.bed
564ffaa92088f97150df717877a1c73f	2023-03-16	Houtrust	artic_v4.1.bed
4bba755e181cdcbbada7279253955cae	2023-01-09	Amsterdam West	artic_v4.1.bed
30602e8b26ef3d02336f4d760d615559	2023-01-02	Harnaschpolder	artic_v4.1.bed
b00fe1d463ca5640ecffc5e2b0690ab9	2023-03-15	Woerden	artic_v4.1.bed
6cc2fba604ae903ee7e07f9257307ff2	2023-01-09	Houtrust	artic_v4.1.bed
c65c2f43bf3e076a9981bc321c172f06	2023-03-20	Amsterdam West	artic_v4.1.bed
29e4233bd36f6687dae47044f0e71cf9	2023-03-20	Bosscherveld	artic_v4.1.bed
80935bdf5778d6ef1a1757733874699b	2023-03-20	Harnaschpolder	artic_v4.1.bed
81094093199c9a706e1853b903cf61f4	2023-03-20	Houtrust	artic_v4.1.bed
224daeb2f1f75d84929e99a88551de34	2023-03-20	Lelystad	artic_v4.1.bed
7feb62dc1833c6b34f8feb86ec2ca3ec	2023-03-20	Westpoort	artic_v4.1.bed
7a53a4ed16099f79ecb5f7c54966061f	2023-01-02	Hilversum	artic_v4.1.bed
5bfff47a8e080154a7189fde84ea34f2	2023-03-20	Haarlem Schalkwijk	artic_v4.1.bed
ad3fa2c7fbaea2ac0f62aa5bd7b78132	2023-03-21	Harnaschpolder	artic_v4.1.bed
8142d8607f72778f8402707052cb155a	2023-03-21	Katwoude	artic_v4.1.bed
0cad1dabd01da7982de3a2a9fb1da6d7	2023-03-20	Utrecht	artic_v4.1.bed
9423d36f44df6f7b609c497d37bed573	2023-03-20	Woerden	artic_v4.1.bed
255a64ac02774f0a80bd86549a68b4ae	2023-03-22	Amsterdam West	artic_v4.1.bed
369152236d86b6cac021c1a4a8c0b426	2023-03-22	Hilversum	artic_v4.1.bed
19498840aa9d0ffb44b80e795dd3fc2f	2023-03-22	Westpoort	artic_v4.1.bed
dc584998c1c5aa0068ab3bb8cd10524d	2023-01-09	Westpoort	artic_v4.1.bed
5488af14c206b28ce39ab4e968aec805	2023-01-02	Houtrust	artic_v4.1.bed
0278ab87721c423ae1457f466bc475a0	2023-01-10	Amsterdam West	artic_v4.1.bed
3c023b17f84728bb5c4ef2ac997f7ea4	2023-03-27	Bosscherveld	artic_v4.1.bed
809db20814db563e1c5c8891c38dca5d	2023-03-27	Harnaschpolder	artic_v4.1.bed
03d40547b7c4bfb10ad36b689f9eb7a3	2023-03-27	Hilversum	artic_v4.1.bed
da2f6ff360c1f725f3345e665ac409ec	2023-03-27	Houtrust	artic_v4.1.bed
17a2b92c72e92c10ad4c665be87de9fc	2023-03-27	Westpoort	artic_v4.1.bed
c4523d1a9a50aa26b9d25cece4ea4e3b	2023-01-03	Lelystad	artic_v4.1.bed
5f024c98b477d857a5a2b878fdcdc246	2023-03-27	Haarlem Schalkwijk	artic_v4.1.bed
5be0816e1e29a21e129c5035b5d9e5f4	2023-03-28	Houtrust	artic_v4.1.bed
d144d1eaae8403162d1c7af8ec831e6d	2023-01-10	Harnaschpolder	artic_v4.1.bed
941d623ac46d75c8fe4d614029becb5d	2023-03-27	Woerden	artic_v4.1.bed
06d7ecbfb17fe91d280ba9b2ab4313e3	2023-03-29	Amsterdam West	artic_v4.1.bed
cfeeaacfc6bc44bfdcbd3f455dd284b1	2023-01-10	Hilversum	artic_v4.1.bed
526741fb3d049a781a250f587322f7be	2023-01-10	Houtrust	artic_v4.1.bed
eaaffbe578f838661b994fd84c231be8	2023-01-10	Katwoude	artic_v4.1.bed
9cdd90de49512d7d79acf5d429ac0f20	2023-04-03	Amsterdam West	artic_v4.1.bed
032ffb202bc117a926a9e81fcc7d9e52	2023-01-09	Utrecht	artic_v4.1.bed
624df982f949cbe2784bc3dd8a0255ee	2023-04-03	Bosscherveld	artic_v4.1.bed
d0accdf51470f4ab6693ba77bf7a107c	2023-04-03	Harnaschpolder	artic_v4.1.bed
bd3603b98d1ec7bfe87f84243fbdae70	2023-04-03	Hilversum	artic_v4.1.bed
4877b27e3d47d32c98eedd2883c6b929	2023-04-03	Houtrust	artic_v4.1.bed
7f47b677dfbf49cb71b7d92408494aad	2023-04-03	Westpoort	artic_v4.1.bed
52866756ff4770993e0b28052b1a4b1b	2023-04-04	Houtrust	artic_v4.1.bed
c039b6931c6ff40c24a3c852018d4261	2023-01-09	Woerden	artic_v4.1.bed
b8ebb1f972a08ae03463cde82fc1e83a	2023-04-04	Lelystad	artic_v4.1.bed
8890c5027046c41304ab6fccdb6808bb	2023-01-11	Amsterdam West	artic_v4.1.bed
4cc5e723d6df45820d6b23f85fef85f1	2023-04-05	Haarlem Schalkwijk	artic_v4.1.bed
d1135c06505e19cd2c792c2be6b99c4c	2023-04-05	Woerden	artic_v4.1.bed
05f0b1b7fa673040a3f1aac81f2adff1	2023-04-07	Amsterdam West	artic_v4.1.bed
f40a47bd7551ffe7c37f8118ff6f0238	2023-04-06	Haarlem Schalkwijk	artic_v4.1.bed
bdc758bc919ede08b210c458f0b066e6	2023-04-08	Houtrust	artic_v4.1.bed
a45e066ce9c12d9eb9f5220e00119deb	2023-04-09	Katwoude	artic_v4.1.bed
4cb6b49723792a731c959f99bc0a4b03	2023-04-07	Westpoort	artic_v4.1.bed
496125bc27ecc5b9b1a757fb4314f116	2023-04-10	Amsterdam West	artic_v4.1.bed
1c8b1609ad4f2a234029811ad9a9b98b	2023-04-10	Hilversum	artic_v4.1.bed
0d034917db1b2628f29ca7c609de33c5	2023-04-10	Lelystad	artic_v4.1.bed
413487ac61f308d0557f22f9d2c05981	2023-04-10	Westpoort	artic_v4.1.bed
14ee557b67b425cebba84990834ff92e	2023-04-12	Harnaschpolder	artic_v4.1.bed
3b23d22ac9989b4ded6715a840290f48	2023-04-11	Houtrust	artic_v4.1.bed
c77a33a7af30057f12f1231d637678b7	2023-04-12	Amsterdam West	artic_v4.1.bed
a4b786a7d834f0e66930bd71f31ecb46	2023-04-12	Hilversum	artic_v4.1.bed
12f47300709789dccfb4b2caf880cf92	2023-04-13	Bosscherveld	artic_v4.1.bed
a14b4897c68c9a8c85293b68280b3e55	2023-04-13	Haarlem Schalkwijk	artic_v4.1.bed
2ec2a5138affa72ce95b051be92d63fc	2023-04-12	Woerden	artic_v4.1.bed
7db2caa0dfcca6be5534825c10cad027	2023-04-17	Houtrust	artic_v4.1.bed
b0c73775884310ea87cd01e6cd26a679	2023-04-17	Westpoort	artic_v4.1.bed
ae5e8cd06c4bb89db18702688ab32a18	2023-04-17	Haarlem Schalkwijk	artic_v4.1.bed
69e578e8492d6dcfc14bf601f02dd3f5	2023-04-19	Katwoude	artic_v4.1.bed
f302b663c0d66b7ed1749ad86bcd2088	2023-04-19	Haarlem Schalkwijk	artic_v4.1.bed
33b5921dbbb1798e785939a750a5217a	2023-04-23	Amsterdam West	artic_v4.1.bed
213a691ae561aeea2fcdc74c1625d01a	2023-04-21	Bosscherveld	artic_v4.1.bed
ce232ca4c6ac1ef91aadd0eaa7009fcf	2023-04-22	Katwoude	artic_v4.1.bed
34c70bea2a2c6d2c8051cace4e496b83	2023-04-23	Lelystad	artic_v4.1.bed
91c5b41681b1623d593c74e0f139e346	2023-04-21	Westpoort	artic_v4.1.bed
26f871d71a3035a111bd510a42df0223	2023-04-21	Woerden	artic_v4.1.bed
c18a07b70301d7a99513829d58405778	2023-04-24	Amsterdam West	artic_v4.1.bed
4874c1163e3ffd59c2c5ef3daf77cf33	2023-04-24	Westpoort	artic_v4.1.bed
51d8bd0e132785241dd3ea7dea783ede	2023-04-25	Katwoude	artic_v4.1.bed
8f58567745f371d770ae95e91e9a30d3	2023-04-26	Hilversum	artic_v4.1.bed
c65966d0ab06a2c08c5da14beb14efb9	2023-04-25	Houtrust	artic_v4.1.bed
edc698845de60af8369d2be73a2aad2a	2023-04-29	Houtrust	artic_v4.1.bed
60c7ac551437bd94359b449f3434ac12	2023-04-29	Lelystad	artic_v4.1.bed
feb093477e9a9ea9f02bf9078c266725	2023-04-28	Westpoort	artic_v4.1.bed
ad3d94f7987eca81019e3b8f34a56747	2023-05-01	Amsterdam West	artic_v4.1.bed
e80796f22784fb67484e78fcc9ba73ae	2023-05-01	Bosscherveld	artic_v4.1.bed
a590882220e22ff54445fb95fac20a59	2023-05-01	Hilversum	artic_v4.1.bed
b61b4b60b96183966a2c1d02512435ba	2023-05-01	Lelystad	artic_v4.1.bed
1de34dd84894ef9945ed3f9f9ed7c67d	2023-05-02	Harnaschpolder	artic_v4.1.bed
baede58ad28156ccac37a96e1dd6ba51	2023-05-02	Houtrust	artic_v4.1.bed
920d174b0079fadb295918a9967471b0	2023-05-02	Katwoude	artic_v4.1.bed
d21c9580ba7ec659640943a8e6e687a9	2023-05-03	Amsterdam West	artic_v4.1.bed
b621428a195809508a6e40f499e91194	2023-05-03	Hilversum	artic_v4.1.bed
f314102c0952e535edd6e24219b3ef34	2023-05-03	Westpoort	artic_v4.1.bed
c35ef489fafc620c000c6da9e98a2132	2023-05-03	Haarlem Schalkwijk	artic_v4.1.bed
ac81d4654ff7faba0a9854cc7c55d2d7	2023-01-12	Woerden	artic_v4.1.bed
5851229ca7da5e77d0115f0e78cd0d8d	2023-05-05	Amsterdam West	artic_v4.1.bed
a401252b8d9bb925ce4638f2dd7c905b	2023-05-05	Westpoort	artic_v4.1.bed
f89436a5f14e0f6dc30c4148187d2632	2023-05-05	Woerden	artic_v4.1.bed
2e2fe0a3a202fb5d9ce2267c184e7a13	2023-05-08	Houtrust	artic_v4.1.bed
7eb8fcb7dcde145e6fa5e46496421d73	2023-05-08	Lelystad	artic_v4.1.bed
c05d78c4f977178d9e5738825420684e	2023-05-08	Westpoort	artic_v4.1.bed
d3dc5dbf3937968d955986100e18c307	2023-05-09	Harnaschpolder	artic_v4.1.bed
d12afbdb4e9df3718cbda91226bef943	2023-05-10	Amsterdam West	artic_v4.1.bed
c41a4de4f761f85b3a6080068595f7b6	2023-05-10	Hilversum	artic_v4.1.bed
6941007efd10ee99124af71dbe494ffc	2023-05-10	Katwoude	artic_v4.1.bed
245baa0bc830dd6f67822af414c8094f	2023-01-13	Bosscherveld	artic_v4.1.bed
8b6418f35155e0b1019395bef4bb64ff	2023-05-14	Amsterdam West	artic_v4.1.bed
409454977b17358caa9842c19457a203	2023-05-13	Hilversum	artic_v4.1.bed
182078fbda2dd7bee82179020ed8e5ad	2023-05-16	Amsterdam West	artic_v4.1.bed
7825a7c12b1d68084e8ba291826a14ac	2023-05-16	Haarlem Schalkwijk	artic_v4.1.bed
a206ba918253718d586906d17fe6fb49	2023-05-16	Katwoude	artic_v4.1.bed
561d7861deb0724c9a7db3aaae2d2a76	2023-05-16	Westpoort	artic_v4.1.bed
99263537eea74e489837491057673bb1	2023-05-18	Bosscherveld	artic_v4.1.bed
f448fa26648f48a207637a993330bf45	2023-05-13	Houtrust	artic_v4.1.bed
30fd4c380d5d873bfa58b130762d626a	2023-05-19	Amsterdam West	artic_v4.1.bed
5f10286b74397bbfdab3319d12ec8bf5	2023-05-21	Katwoude	artic_v4.1.bed
f6a1ca0dc046df54cab23b51cccaedf9	2023-05-22	Amsterdam West	artic_v4.1.bed
db82a0a2a158bdfb4915d73646a8494c	2023-05-22	Harnaschpolder	artic_v4.1.bed
5a0175e93b0ac2739bca806aed009baa	2023-05-22	Hilversum	artic_v4.1.bed
2445e1e293f3719d8dc08159027a6909	2023-05-22	Haarlem Schalkwijk	artic_v4.1.bed
f19bf435d23fa506fe896fb9481877af	2023-05-25	Woerden	artic_v4.1.bed
1171ba31120bfdf0d998751dd35e4edd	2023-05-24	Amsterdam West	artic_v4.1.bed
d1d3457043bd36a8567f44a238f94f90	2023-05-24	Haarlem Schalkwijk	artic_v4.1.bed
fde78e28aa7e6c6dc784d8fe2318e9fa	2023-01-15	Westpoort	artic_v4.1.bed
73e7c854b0e967173eeee141d8079445	2023-05-26	Amsterdam West	artic_v4.1.bed
af148fc24fce38a329f11b33b026c68e	2023-05-24	Bosscherveld	artic_v4.1.bed
5a9974e11c649bd7c3c419fa9573c5d2	2023-05-28	Haarlem Schalkwijk	artic_v4.1.bed
5976822fb5502a1fd54c440cb19e5bf2	2023-05-28	Katwoude	artic_v4.1.bed
c7d2b756dcf5bb10e93cd64dd0ed8ed9	2023-05-26	Lelystad	artic_v4.1.bed
d021a74058db7fe1108c9eb2b2b1624b	2023-01-16	Bosscherveld	artic_v4.1.bed
9fbfebeb4f2909ec6a8ae6222dc4e404	2023-01-16	Lelystad	artic_v4.1.bed
b7eaffd7825fb0f8c8f45e2989245073	2023-06-01	Haarlem Schalkwijk	artic_v4.1.bed
d9cd17eb229efeb7eb71ab37d3485812	2023-06-01	Katwoude	artic_v4.1.bed
24b2ae810667adc8f957e2c547e3a841	2023-06-02	Amsterdam West	artic_v4.1.bed
5f8ce1675c6f899281007658feb5469e	2023-06-03	Amsterdam West	artic_v4.1.bed
5a54c77084adf8b4dd40a6568e709f59	2023-06-04	Amsterdam West	artic_v4.1.bed
955fef6de1f16f85325d4a1e5226c462	2023-06-04	Bosscherveld	artic_v4.1.bed
742ea76d2a1d99497f1b9cf756fbee4f	2023-06-03	Hilversum	artic_v4.1.bed
ca86084353ea269aee40be56c4d0cace	2023-06-05	Houtrust	artic_v4.1.bed
7c82cb4dd9b7c6528554620b3efecc47	2023-06-05	Westpoort	artic_v4.1.bed
26960fc7b7e2339f22d4a631042525e8	2023-06-06	Harnaschpolder	artic_v4.1.bed
6b5783e4e146d06ac96b5b8ab6094970	2023-06-06	Houtrust	artic_v4.1.bed
8f8375ee4a39d0195c7dd60169f329e6	2023-01-17	Harnaschpolder	artic_v4.1.bed
cc93c541330e039ecd5b24993db3023d	2023-01-17	Hilversum	artic_v4.1.bed
6651077c2438eb1ceaf2f43aadca6e26	2023-01-17	Houtrust	artic_v4.1.bed
6f8fa28b20bdab1bc01299051142bafa	2023-06-10	Houtrust	artic_v4.1.bed
1bd816dc7845171db53cf1731ccd03ed	2023-06-12	Amsterdam West	artic_v4.1.bed
9b1aab5956eddb7056d986ea50c6cc2a	2023-06-16	Hilversum	artic_v4.1.bed
a49e464f78337e1068e2173e80f398e4	2023-06-12	Houtrust	artic_v4.1.bed
47baa429b8e8d7c8875e5d180b2f7320_001	2023-06-13	Houtrust	artic_v4.1.bed
b64a7e801030ab50f3c5f00a22bb5351	2023-06-14	Katwoude	artic_v4.1.bed
87b6e138a952db1b7d6411d747700e88	2023-01-02	Haarlem Schalkwijk	artic_v4.1.bed
ab2581c4de5748e2413da90f328169c0_001	2023-06-18	Amsterdam West	artic_v4.1.bed
3c8afb84a3e8c2c18f2db363de2e0d24	2023-01-03	Harnaschpolder	artic_v4.1.bed
1fff3b8dcfb41f42ebd269d001202759	2023-06-21	Amsterdam West	artic_v4.1.bed
4cf1d98e271720876db29123519761c8	2023-01-18	Hilversum	artic_v4.1.bed
c369fccfd5390a769ac8cf1ac8c7534c	2023-06-25	Bosscherveld	artic_v4.1.bed
78f7824fee3347bdf474a45838bc5ba9	2023-06-25	Katwoude	artic_v4.1.bed
db305651622a20138bdf4d6556657de0	2023-06-26	Hilversum	artic_v4.1.bed
70fa3378f9f6169239f10fe2af91a32e	2023-01-03	Houtrust	artic_v4.1.bed
9016e8180673eba7d865a6ab1a8fb8aa	2023-07-02	Katwoude	artic_v4.1.bed
326ab57e266e5a3332334d602af4a5e9	2023-01-19	Harnaschpolder	artic_v4.1.bed
a0b2b8c2837378a153f64244c065fc03_001	2023-07-08	Amsterdam West	artic_v4.1.bed
1823b6eab03076050516b76724a79fd2	2023-07-09	Katwoude	artic_v4.1.bed
b617df0daa9b6fc5d90d284eb0815b84	2023-07-11	Haarlem Schalkwijk	artic_v4.1.bed
380440380db9cd0b72f59e661ef794de	2023-01-19	Utrecht	artic_v4.1.bed
4e75079ee7b4d5e69609b237f0293591	2023-07-17	Houtrust	artic_v4.1.bed
c503acb5aaa1461049370a70747f5b7d	2023-07-18	Katwoude	artic_v4.1.bed
1a8c30285f496a4638b8097f02992db5	2023-07-22	Amsterdam West	artic_v4.1.bed
b49202c81c21810467214196ee7d7b1a	2023-01-22	Bosscherveld	artic_v4.1.bed
eaa23f17117b31f0dc6973bffce3e79f	2023-07-22	Hilversum	artic_v4.1.bed
14fc2e2e6b22baa64ee3427c45db2405	2023-07-25	Katwoude	artic_v4.1.bed
e56ce255a811686a139480e98dfa7179	2023-07-27	Bosscherveld	artic_v4.1.bed
021970f867193cebec8328fb230561a5	2023-01-20	Hilversum	artic_v4.1.bed
95ba4baa3e328638bab9300c265d71c1	2023-01-21	Houtrust	artic_v4.1.bed
96862064e82fa7b9f289e4dbd7893cd1	2023-07-29	Amsterdam West	artic_v4.1.bed
14223bbc9ba12961906f6b4957ae44ad	2023-07-30	Haarlem Schalkwijk	artic_v4.1.bed
83dd949f2294624d501e48d01f928768	2023-07-29	Hilversum	artic_v4.1.bed
aa718196afc12e41ecd83a9760fa7ad3	2023-01-20	Lelystad	artic_v4.1.bed
09dd69e50602a20f32376b7a72999eb0	2023-08-03	Lelystad	artic_v4.1.bed
49f4289f1364ae273fb5c7683e709f6e	2023-08-04	Amsterdam West	artic_v4.1.bed
ac3eee49f6bc6acc26decb851dbdd056	2023-08-04	Westpoort	artic_v4.1.bed
a793ccebb29f22e4081db18ee00f01c1	2023-01-21	Westpoort	artic_v4.1.bed
70f34eaa585dd71ab31f9bd3ebce0a9f	2023-08-10	Bosscherveld	artic_v4.1.bed
683e33a4ee3e50997f64d32fe3a1bc43	2023-08-10	Houtrust	artic_v4.1.bed
ed69302399899d8e8771db8ee43892b8	2023-01-23	Hilversum	artic_v4.1.bed
f12a79479e718f4b959bcf8e57092ff2	2023-08-15	Harnaschpolder	artic_v4.1.bed
2f46d8f143da4c9b38e44262045127ba	2023-08-15	Houtrust	artic_v4.1.bed
78530d24378276e000d1022b12da0644	2023-08-20	Woerden	artic_v4.1.bed
aadac85245bf5b91e842c287bc59ec63	2023-08-17	Bosscherveld	artic_v4.1.bed
24ce8f70859c2b9eb4a2f276d06eca0c	2023-08-17	Harnaschpolder	artic_v4.1.bed
f9c343f64a9d69ba103870c319f1cdf4	2023-08-17	Houtrust	artic_v4.1.bed
d23b5938149c99050a79ca9c49c6f8ee	2023-08-18	Lelystad	artic_v4.1.bed
3c93c890a962adac6720474723c2acf0	2023-08-23	Amsterdam West	artic_v4.1.bed
77131d6bf094ff6debab15ad2022b925	2023-08-21	Hilversum	artic_v4.1.bed
4c35511360311d49509ceb43dfac5005	2023-01-23	Haarlem Schalkwijk	artic_v4.1.bed
13c68a8eb3690443e6b4da2afa223c7e	2023-08-24	Harnaschpolder	artic_v4.1.bed
e15d111ec883c8ed8ea3c1cb3d221f44	2023-01-24	Houtrust	artic_v4.1.bed
79053f58ad29088d5e7aee52bfaeafbb	2023-08-24	Woerden	artic_v4.1.bed
a9e0bc25d040452975ee591187780b4d	2023-08-25	Amsterdam West	artic_v4.1.bed
244ab2fd02e3331cc1c23393fed954e4	2023-08-25	Hilversum	artic_v4.1.bed
bd5890aa3703e0f4e848c89acac98c94	2023-08-26	Katwoude	artic_v4.1.bed
4b699bbf3e8af1df8285437537c6ed75	2023-08-28	Amsterdam West	artic_v4.1.bed
b12737c55140ca37172233875c82fefe	2023-08-28	Harnaschpolder	artic_v4.1.bed
0ab0d43084855032e63dacb0ed52a781	2023-08-28	Hilversum	artic_v4.1.bed
4629d7a802adb05dfc099e5d0f12b4b0	2023-08-28	Haarlem Schalkwijk	artic_v4.1.bed
15777923cd45f8916f4742d995750b6c	2023-08-29	Katwoude	artic_v4.1.bed
5a445dad70193b0c00648db6fba6bbb1	2023-01-23	Utrecht	artic_v4.1.bed
50a758c700f7ade75d7f85cb984cc759	2023-08-31	Bosscherveld	artic_v4.1.bed
86bc86d71f35aa8a16d8447dcc700d20	2023-08-31	Harnaschpolder	artic_v4.1.bed
cbfc0dc2d87839645649de3f1ecf73fd	2023-01-23	Woerden	artic_v4.1.bed
da0b9b07798cce752f0cb4cbefc12b1b	2023-08-31	Houtrust	artic_v4.1.bed
1344a62c3db522c3bc22d956fc449e12	2023-09-03	Haarlem Schalkwijk	artic_v4.1.bed
373f51ca4638a92cc2788e961d5ad912	2023-09-04	Amsterdam West	artic_v4.1.bed
807af3eb233c0fd0a975def36da09ce9	2023-09-04	Bosscherveld	artic_v4.1.bed
10e696695746e2fdba12ffc21e7e8bbe	2023-09-04	Harnaschpolder	artic_v4.1.bed
5e215ba61cf5ee30628edc4f333b0484	2023-09-04	Hilversum	artic_v4.1.bed
be8aec0c9cf8a8663659d250424783ab	2023-09-04	Houtrust	artic_v4.1.bed
a48f66fe3aba488875ed5f9086385f67	2023-09-04	Haarlem Schalkwijk	artic_v4.1.bed
4876cb6174b56c17a4dd54b2b358b773	2023-09-05	Katwoude	artic_v4.1.bed
5cf9a5c95c5099de34f7e2db53aa05c8	2023-01-24	Haarlem Schalkwijk	artic_v4.1.bed
65c2fe9501df864c53db6fc548153678	2023-09-07	Bosscherveld	artic_v4.1.bed
61acfd65064659bad8ebe587b4f25746	2023-09-07	Houtrust	artic_v4.1.bed
02c580160ee3e5e097bc72d9cb6b183a	2023-09-07	Westpoort	artic_v4.1.bed
e9e6f0e33804b37c9c16762932178425	2023-09-08	Haarlem Schalkwijk	artic_v4.1.bed
ea6020fa8daf08b846cea74eeb83c971	2023-09-11	Amsterdam West	artic_v4.1.bed
331a93f88d4cce5f2545b28ef24f426c	2023-09-11	Bosscherveld	artic_v4.1.bed
5b75d415521c20ced03bef2f6e0453c1	2023-09-11	Harnaschpolder	artic_v4.1.bed
0d40703c24c3bade973b3447bce1cdb5	2023-09-13	Hilversum	artic_v4.1.bed
626d4c845e74bf108bd3f056b28fa2e0	2023-09-11	Haarlem Schalkwijk	artic_v4.1.bed
343184ad782f4dd947df133d2320d909	2023-09-17	Amsterdam West	artic_v4.1.bed
261fa65be4eca8f6b44b2391d68b720d	2023-01-25	Westpoort	artic_v4.1.bed
47777fb3e38550f14a48a8ff7c93f870	2023-09-14	Harnaschpolder	artic_v4.1.bed
a4de2a474708620348f0127336e0c1e5	2023-09-14	Houtrust	artic_v4.1.bed
2fcde6403c0c3d4bfa5207fbfdc6bc8e	2023-09-14	Lelystad	artic_v4.1.bed
08aadd3171af166325c3184f3ae00d81	2023-01-26	Bosscherveld	artic_v4.1.bed
d513cb4a9baff2ca7358d704375cf221	2023-09-18	Amsterdam West	artic_v4.1.bed
c08f6300800ba119ac0e542d7d56ee51	2023-09-18	Hilversum	artic_v4.1.bed
e89fd904f2a02d536fdacc3ffd9dbe40	2023-09-21	Amsterdam West	artic_v4.1.bed
b447ed8d7adf7dc72f2431fb753a64d0	2023-09-20	Hilversum	artic_v4.1.bed
1d17058fd9eb4196623ad869f41bfbd7	2023-09-21	Houtrust	artic_v4.1.bed
33a1df5c007dbcb998e1210bd8176805	2023-09-23	Lelystad	artic_v4.1.bed
7c52e69f7e1381edb1801016544a175d	2023-01-27	Harnaschpolder	artic_v4.1.bed
1a201e35879c78672a685a56770b4d15	2023-09-25	Amsterdam West	artic_v4.1.bed
361c0aefb1d52e10504b7dad417b3ea7	2023-09-27	Bosscherveld	artic_v4.1.bed
875dde69c3ce6f23b48c99394d91e793	2023-09-25	Harnaschpolder	artic_v4.1.bed
69f57f09d51e38848e5b4d2f3f9d40f0	2023-01-26	Houtrust	artic_v4.1.bed
4554e1e211c83ca7b24fa4c8f188f9a8	2023-09-25	Westpoort	artic_v4.1.bed
88833566a78c5e5808b0e56690a3def8	2023-09-28	Amsterdam West	artic_v4.1.bed
686bed5f1eb9a614c651420d245b1b66	2023-10-02	Hilversum	artic_v4.1.bed
c7dd4c09d4a39188e767b5262e2d6884	2023-10-02	Houtrust	artic_v4.1.bed
d7c5a05ba58529d99cd8c2caaef613a3	2023-10-02	Westpoort	artic_v4.1.bed
d19f3c27fcdabfc56a3d3b99c62c982f	2023-01-25	Utrecht	artic_v4.1.bed
e71434e1d0672500210c4a7aa58b2a7b	2023-01-26	Utrecht	artic_v4.1.bed
553ff7ecc15fe96cecf65959c8ce9143	2023-10-05	Harnaschpolder	artic_v4.1.bed
323aedc24a4acdd1c5b0a682a87c5af3	2023-10-08	Westpoort	artic_v4.1.bed
68e07005b357346269d8a2b521514f91	2023-01-25	Woerden	artic_v4.1.bed
72759ad94e891e9c0c7c144f2faa6ce1	2023-10-09	Hilversum	artic_v4.1.bed
736bc16aa8ab59940375285f23bd0b8f	2023-10-09	Houtrust	artic_v4.1.bed
d14aefba3265aa9e979c401d4e6cdcca	2023-10-11	Bosscherveld	artic_v4.1.bed
cda292a5381ab934aa0c5fdea77be47e	2023-01-29	Bosscherveld	artic_v4.1.bed
a5e4e74c2d3aeb613c114af9947e42a0	2023-10-14	Lelystad	artic_v4.1.bed
604e3cce25867bcebfd42d6a121ac700	2023-10-17	Harnaschpolder	artic_v4.1.bed
aa78896a9ad73f5f13b4d1860e0e4d0d	2023-10-16	Hilversum	artic_v4.1.bed
150cdcc96380494628d14748fcc6e1c6	2023-10-17	Houtrust	artic_v4.1.bed
ccff637e67b3a62010d0c908609fb478	2023-10-16	Westpoort	artic_v4.1.bed
34a4981284a1535c46bb4b72d1d234a1	2023-10-18	Bosscherveld	artic_v4.1.bed
da803f96b76e4f1ceb69185c34c4bce3	2023-10-17	Katwoude	artic_v4.1.bed
27a5bfc0646cea908934c7db24f76104	2023-01-28	Hilversum	artic_v4.1.bed
e33d64b48eadb74243be6030a5f9f7c9	2023-10-22	Bosscherveld	artic_v4.1.bed
bc0f5845bc22ba4bbe127bca5098e457	2023-10-22	Haarlem Schalkwijk	artic_v4.1.bed
ee5e9dc880a8be1d4fb62024107d0e4d	2023-01-28	Houtrust	artic_v4.1.bed
478424a2e5b82e36ec53ac160d936193	2023-10-22	Katwoude	artic_v4.1.bed
8f7e4e05309df59b92b36b58b485c849	2023-01-29	Katwoude	artic_v4.1.bed
35a5b7eeea69fa07fe7e1bdacc0b82ae	2023-10-23	Harnaschpolder	artic_v4.1.bed
fccfa0f528144c01929cf54ba042e5dc	2023-10-23	Houtrust	artic_v4.1.bed
c405e75ecf64b8ccf1bc522ca0e464fd	2023-10-23	Lelystad	artic_v4.1.bed
097d2832f8385b9090a453062a038310	2023-10-23	Westpoort	artic_v4.1.bed
5717392659988a3b5c662b642b2d16ab	2023-11-01	Bosscherveld	artic_v4.1.bed
7f8abedf8a776ca42db5a04258a3901a	2023-10-30	Harnaschpolder	artic_v4.1.bed
5bf4be65b953941bdcbcca4c90481be5	2023-10-30	Hilversum	artic_v4.1.bed
b58720897e9d6f0390a39d653916f6b1	2023-10-30	Westpoort	artic_v4.1.bed
12d915e31a038c2fc065b021c9b4d64b	2023-10-31	Katwoude	artic_v4.1.bed
2ac06ade036e8674b8a36b5e59dc90fc	2023-11-04	Haarlem Schalkwijk	artic_v4.1.bed
7871580882082e2d4172a5004f4f6253	2023-11-04	Lelystad	artic_v4.1.bed
cda1c72d16017984eacc203966ac85f6	2023-01-27	Westpoort	artic_v4.1.bed
5c6fc95d98a47d6f9db420cb05983d51	2023-11-06	Amsterdam West	artic_v4.1.bed
0f77bb4f2a0f5a94110578a53dedee57	2023-11-06	Harnaschpolder	artic_v4.1.bed
657521a11a2987416b1b157dce4e37cf	2023-11-06	Westpoort	artic_v4.1.bed
d0ca9e57b836be061eb2a9201639e40d	2023-02-04	Amsterdam West	artic_v4.1.bed
ed32a26b55cfc11de393aae505512ba5	2023-11-08	Bosscherveld	artic_v4.1.bed
20b538ddaf1d027927ca9acae976c50a	2023-11-08	Hilversum	artic_v4.1.bed
b4aafe1b7178bd053fb2b1ef8a62bcd0	2023-01-30	Harnaschpolder	artic_v4.1.bed
9d131aef12946cd318a01155200bd2d6	2023-01-30	Houtrust	artic_v4.1.bed
89a755a1d95a337e54c415d92673afe1	2023-11-13	Hilversum	artic_v4.1.bed
7a48fe3a728f72f886c9b8b3ecf52f78	2023-11-13	Houtrust	artic_v4.1.bed
c0b2ae776e554b98a138a7fbc599418f	2023-11-15	Amsterdam West	artic_v4.1.bed
11684337d7221bf148155d132e25e32c	2023-11-16	Lelystad	artic_v4.1.bed
998c1558a126909b07ae46f633be37f7	2023-01-30	Westpoort	artic_v4.1.bed
85e451fd8a9d6aeb37e8fb759a96737d	2023-11-15	Westpoort	artic_v4.1.bed
5edc66bd54970a99c6d4cb98fc703d6d	2023-01-04	Hilversum	artic_v4.1.bed
b9402da451711117a892ea62f3a188d7	2023-11-20	Harnaschpolder	artic_v4.1.bed
b5ce8117c8c7ba35a9cc19d0b12868da	2023-11-20	Hilversum	artic_v4.1.bed
7b80dd3e5d87abaed41f5cc02f95788f	2023-11-20	Houtrust	artic_v4.1.bed
1cd73a345d76a011555b46f42894e0ca	2023-11-20	Westpoort	artic_v4.1.bed
a757778ca6b4a839fc59f95a9b052fca	2023-11-20	Haarlem Schalkwijk	artic_v4.1.bed
701c2f5cbffa1a2a49e6b967c92e9bef	2023-11-22	Bosscherveld	artic_v4.1.bed
a231262b9c810a111a3291730ec0f4f5	2023-11-23	Houtrust	artic_v4.1.bed
5456006eeaf89e2a675ae5c8d3b4fac6	2023-11-26	Bosscherveld	artic_v4.1.bed
3cb22f1dd02bd79d6c4b11b850fff9ae	2023-11-25	Lelystad	artic_v4.1.bed
6d48eb8e277f66f574194f2c513c587e	2023-11-27	Harnaschpolder	artic_v4.1.bed
0e79be9644a2401bd621638141b8c1ac	2023-11-27	Hilversum	artic_v4.1.bed
c98bed3e56a34e015f4aa66f293e82cd	2023-11-29	Westpoort	artic_v4.1.bed
34f05666c527be087abc980c764e423a	2023-11-30	Houtrust	artic_v4.1.bed
15609b98779cbdc6ca19850a2627f2f1	2023-01-30	Utrecht	artic_v4.1.bed
a26a1f23cad8429dda1465393fc23b28	2023-12-04	Houtrust	artic_v4.1.bed
d4e96920734c4f44781bc02f1d3284e8	2023-12-04	Westpoort	artic_v4.1.bed
36d2f4121401bcfd223343992b628258	2023-01-30	Woerden	artic_v4.1.bed
1a43b7cb6b1f6ab5448332ba98d295df	2023-12-05	Katwoude	artic_v4.1.bed
b034b841e6668db88a419ef1c354b292	2023-12-06	Haarlem Schalkwijk	artic_v4.1.bed
6a13f16ec9c2ed90fde6de9a7e1bf088	2023-12-06	Hilversum	artic_v4.1.bed
d9adf215ceb7a56854dc032f6dc1c36e	2023-12-07	Lelystad	artic_v4.1.bed
b2a8006ef9bd8921ec2a18d2637fe361	2023-12-10	Katwoude	artic_v4.1.bed
fb7ba3fe66f030bd3ca1e662fd9ec053	2023-12-09	Woerden	artic_v4.1.bed
4385544ba6e24919afab1dbe402d9869	2023-12-11	Amsterdam West	artic_v4.1.bed
c9129fdeef4ff598d65664718b4c06bc	2023-12-11	Hilversum	artic_v4.1.bed
a2e3392a638e13ebe9d397a4d7e041a2	2023-12-11	Houtrust	artic_v4.1.bed
bf71d58cbb3f28cd025971099005f7e2	2023-12-11	Haarlem Schalkwijk	artic_v4.1.bed
2684863210bb7740152e2f35e4c44c4e	2023-12-14	Amsterdam West	artic_v4.1.bed
9e59b61198c855861991f06afb3a2b1b	2023-01-31	Haarlem Schalkwijk	artic_v4.1.bed
c22920fb1043f488fe321ca1521ecc3f	2023-12-13	Bosscherveld	artic_v4.1.bed
b6f62b8e2a334fdc50b3e8b6fe4a95fa	2023-12-13	Hilversum	artic_v4.1.bed
cf131de260a34428c12765bbe0cbaf68	2023-02-01	Hilversum	artic_v4.1.bed
487dbed6933cf6fefd8954c7d28e9233	2023-12-18	Harnaschpolder	artic_v4.1.bed
50368c6c1c99c511526ff0ec9de394ea	2023-12-18	Houtrust	artic_v4.1.bed
e2687b83110e04d4f0a13b62a6502c85	2023-12-19	Lelystad	artic_v4.1.bed
6303f2c5252867157c7c557bf221437b	2023-12-21	Amsterdam West	artic_v4.1.bed
c89ca994c2a732253d725a3844de0a84	2023-02-03	Westpoort	artic_v4.1.bed
08cb466afa5c930131392d437685f4db	2023-01-31	Woerden	artic_v4.1.bed
5da625816548b185ca27c1d393da8397	2023-12-31	Hilversum	artic_v4.1.bed
2875226809d59ef2c037a8aa58eb0e1a	2023-12-25	Lelystad	artic_v4.1.bed
b30798f2e953532e97a633893451dbf3	2023-02-02	Harnaschpolder	artic_v4.1.bed
1c5309f083a5d172a2d61c8a26c42b42	2023-02-01	Houtrust	artic_v4.1.bed
c1918f3606d29bb8001cce9a93ecc9c1	2023-02-02	Katwoude	artic_v4.1.bed
26d5f88a76ca07329c279d2a88ef3cf8	2023-02-01	Utrecht	artic_v4.1.bed
cd150176339139d512b33a4d214c81e7	2023-02-02	Utrecht	artic_v4.1.bed
ed9f5794ecaadabf1177d1ec147fc033	2023-02-05	Bosscherveld	artic_v4.1.bed
61bbf720f197ec36207eaa38b6057b88	2023-02-03	Haarlem Schalkwijk	artic_v4.1.bed
947f8c4d820d2e20055549c047b88cbf	2023-02-04	Harnaschpolder	artic_v4.1.bed
18ed8771c7b76b68133d8ef759b1586d	2023-02-04	Houtrust	artic_v4.1.bed
c362a78b6b6522712dfd3164fdd60304	2023-01-04	Westpoort	artic_v4.1.bed
d68d82cdf2ccbb309a33dfae1966ecde	2023-02-06	Harnaschpolder	artic_v4.1.bed
2bb725d5241a648a892bb5fa3b2d9089	2023-02-06	Lelystad	artic_v4.1.bed
bbbd43d099238062df541ee510479511	2023-02-06	Westpoort	artic_v4.1.bed
734de63eb85804912756eef348eee2e1	2023-02-06	Utrecht	artic_v4.1.bed
1646ea56879d23fe0b9940e0f7ad4dbe	2023-02-06	Woerden	artic_v4.1.bed
5daf1a2fceeaf57a689b46ddd073c88d	2023-01-05	Bosscherveld	artic_v4.1.bed
bd0dcb35252fa6d6cdb18cf24c7011ca	2023-02-10	Amsterdam West	artic_v4.1.bed
8e3a8e05941e0284834e1a3bb3ce3b4a	2023-02-12	Bosscherveld	artic_v4.1.bed
1692f7e599438b3dcc6807baa3e1cb63	2023-02-10	Hilversum	artic_v4.1.bed
a6915ef990b60a618ce7cb76bbbd05d0	2023-02-10	Lelystad	artic_v4.1.bed
6b36e34e75b3a994dc0f56ee63a414c2	2023-02-11	Westpoort	artic_v4.1.bed
da023983d98888ada30654215c3bef9f	2023-02-13	Hilversum	artic_v4.1.bed
78cd370bec52ca5d4423b2368955fc55	2023-02-13	Westpoort	artic_v4.1.bed
d4bff6b8eb1992034030080f4c7e2a68	2023-02-13	Utrecht	artic_v4.1.bed
11c7dfa81c02c187acf1cd8ba4db3e39	2023-02-13	Woerden	artic_v4.1.bed
0a30d9d9f40da47e62075dcf2a5e07bd	2023-02-15	Amsterdam West	artic_v4.1.bed
d477be896afd4126e387e153c7312286	2023-02-15	Katwoude	artic_v4.1.bed
e321b5d380e7a1f407312685a176255a	2023-02-15	Lelystad	artic_v4.1.bed
e1a0d65251e7293e51039dd5d3d3bf7b	2023-02-15	Westpoort	artic_v4.1.bed
123372b7f858db12dcdc026c0742d7ea	2023-12-31	Bosscherveld	artic_v4.1.bed
be876026e8734dc742a6d0e826454a03	2024-05-15	Lelystad	artic_v5_3_2_primer.bed
9b83003b6efc928f66e48a513499aa47	2024-05-16	Houtrust	artic_v5_3_2_primer.bed
c727303e887f0e43ffbb4bd36a3b7581	2024-05-17	Amsterdam West	artic_v5_3_2_primer.bed
e37c8625fc92949b31ea324942fa4a0b	2024-05-18	Haarlem Schalkwijk	artic_v5_3_2_primer.bed
fd01703642950b92db90ada4ae4d58db	2024-05-18	Lelystad	artic_v5_3_2_primer.bed
0af24af4554b3c6603779762816c5367	2024-05-17	Westpoort	artic_v5_3_2_primer.bed
32c5abbf037885ce04fdd3e35dd1dded	2024-05-20	Harnaschpolder	artic_v5_3_2_primer.bed
f0d304ae88a1a69da938cb20e422186c	2024-05-20	Houtrust	artic_v5_3_2_primer.bed
d49bdaca039b7c08e4ae5137525c41e0	2024-05-21	Katwoude	artic_v5_3_2_primer.bed
0ebf5fa1fd86fef8477d1cdba2b9a39c	2024-05-21	Lelystad	artic_v5_3_2_primer.bed
f40f4bc5fb4c4b0bc9c350222807a525	2024-05-23	Amsterdam West	artic_v5_3_2_primer.bed
9769c1e1eb9f19b8cacc30fec65bcabd	2024-05-23	Bosscherveld	artic_v5_3_2_primer.bed
1111846dbfbd5085c760759e8bc179ce	2024-05-23	Harnaschpolder	artic_v5_3_2_primer.bed
ea3f676825cb549db9c8a5ddc5ba7536	2024-05-23	Houtrust	artic_v5_3_2_primer.bed
69a1e4bc0ad1ca960a041557cdfb2645	2024-05-24	Lelystad	artic_v5_3_2_primer.bed
001c77a3ee38c7b56257b16084a38ec8	2024-05-26	Westpoort	artic_v5_3_2_primer.bed
2211340d7d549c7df3317d0bb9cb3458	2024-05-27	Houtrust	artic_v5_3_2_primer.bed
7cc2d33e73c18bbbcce7081f267ceae5	2024-05-29	Westpoort	artic_v5_3_2_primer.bed
96f38555c2f09e786235dd2e83880e7e	2024-05-30	Harnaschpolder	artic_v5_3_2_primer.bed
6cf859dbc290f516001bd8d52c7daac3	2024-05-30	Houtrust	artic_v5_3_2_primer.bed
74808639c76680c5e4ae3a3868f4d2b3	2024-06-01	Amsterdam West	artic_v5_3_2_primer.bed
7ba5f94b60c165bbc4be56aabf069320	2024-06-02	Haarlem Schalkwijk	artic_v5_3_2_primer.bed
635bb8a5ff5afcd804fac194182f7f0e	2024-06-01	Westpoort	artic_v5_3_2_primer.bed
693dd3213deb4c9de46743efe3975ed1	2024-06-03	Bosscherveld	artic_v5_3_2_primer.bed
34a81abb33ab3570c7cfc104ba6a1b60	2024-01-15	Harnaschpolder	artic_v4.1.bed
92fad6df3797171e45789f2dcb11dfec	2024-06-03	Houtrust	artic_v5_3_2_primer.bed
c26d94ac1d86987c6f3b148bf259999e	2024-01-15	Houtrust	artic_v4.1.bed
1537a9837d4fa84daffaee5fccd9daa9	2024-06-05	Haarlem Schalkwijk	artic_v5_3_2_primer.bed
3a91d95655ebabc3f512f13cae403ddc	2024-06-06	Harnaschpolder	artic_v5_3_2_primer.bed
68efa6e0bdfae083ff72681722753345	2024-06-06	Houtrust	artic_v5_3_2_primer.bed
f4b448124f818e994bba6945ab6475ae	2024-06-07	Amsterdam West	artic_v5_3_2_primer.bed
1b610f97010bba9a6412971af43ffc74	2024-06-09	Bosscherveld	artic_v5_3_2_primer.bed
6e42ea1e451190b37bbf1be95fff1f73	2024-06-07	Haarlem Schalkwijk	artic_v5_3_2_primer.bed
45b1110aa45ed589a79a141ee57e2ac2	2024-06-08	Lelystad	artic_v5_3_2_primer.bed
dc9f568a5c0ce1620ad05ee33f6ee6f4	2024-01-16	Amsterdam West	artic_v4.1.bed
bb12cfc2be09796e82c81978cdf6316d	2024-06-11	Lelystad	artic_v5_3_2_primer.bed
a0e7080a7ad447d1e449a15de0dfbade	2024-06-11	Westpoort	artic_v5_3_2_primer.bed
23d55b6cd8fd966570b15fea1276e8df	2024-01-16	Lelystad	artic_v4.1.bed
311871f153fa7c691f53a4e29abcd55b	2024-06-14	Amsterdam West	artic_v5_3_2_primer.bed
e294916967e039297892bea20002bc0a	2024-06-17	Houtrust	artic_v5_3_2_primer.bed
a35eb382402d9128205331b35cf5b8f1	2024-01-01	Amsterdam West	artic_v4.1.bed
f8cb4ac87d56b4d4e50fe8755b257270	2024-01-17	Bosscherveld	artic_v5_3_2_primer.bed
d101fb34c76ef8be1e581d8d7090bf64	2024-06-20	Amsterdam West	artic_v5_3_2_primer.bed
d3962e8fffff008e95a5da35b880bea0	2024-06-20	Harnaschpolder	artic_v5_3_2_primer.bed
07e0226607e9b45034e8a4e182d659dc	2024-06-23	Westpoort	artic_v5_3_2_primer.bed
fd989abba4f20bbe8470dc5532384b2f	2024-06-24	Harnaschpolder	artic_v5_3_2_primer.bed
b11eebd5a375faaa9010de0037ac92b9	2024-06-27	Bosscherveld	artic_v5_3_2_primer.bed
f52a82acc9346d4af88c9f8c8158e304	2024-06-27	Houtrust	artic_v5_3_2_primer.bed
3600a463e6f451126cda91742791238b	2024-06-29	Amsterdam West	artic_v5_3_2_primer.bed
e9b57373d390abf545b23769b1dc6ae1	2024-06-29	Lelystad	artic_v5_3_2_primer.bed
436b161461e68144cb48b41fff1c4bbe	2024-01-17	Haarlem Schalkwijk	artic_v5_3_2_primer.bed
1c6237bd070957d54067ffc7d638b87e	2024-01-18	Harnaschpolder	artic_v5_3_2_primer.bed
5972635ab674ff02ed1f764394435a80	2024-07-01	Houtrust	artic_v5_3_2_primer.bed
aaa32aff793c6c62e1e14aebcf7abfa7	2024-01-18	Hilversum	artic_v5_3_2_primer.bed
8d9622451ac576ecf86224bf5006f972	2024-07-01	Haarlem Schalkwijk	artic_v5_3_2_primer.bed
a68710a6b0d56595aa904ba2b316f2e4	2024-01-18	Houtrust	artic_v5_3_2_primer.bed
6cfa34d2b14cc2811d4d3cf9cb2cf7b4	2024-01-18	Katwoude	artic_v5_3_2_primer.bed
25d6403fe909b3453e240c6079fcbc60	2024-07-04	Harnaschpolder	artic_v5_3_2_primer.bed
18aad70a2e6c34937d711639616166c9	2024-07-08	Houtrust	artic_v5_3_2_primer.bed
04e91aedafd0e3d88ccd2f3cec14849d	2024-01-01	Harnaschpolder	artic_v4.1.bed
c820d6484309f087b20dac78aecbd67d	2024-07-09	Westpoort	artic_v5_3_2_primer.bed
87a1ad489c16d8ee86aa7239883d6553	2024-07-10	Haarlem Schalkwijk	artic_v5_3_2_primer.bed
7d80d782bbc88a172f0a7c02210750e9	2024-07-11	Harnaschpolder	artic_v5_3_2_primer.bed
42734172d51b00e49eab3fe88a5f7557	2024-07-12	Amsterdam West	artic_v5_3_2_primer.bed
675d0dc6c34aea4be899fb13ae2d04e2	2024-01-01	Houtrust	artic_v4.1.bed
fbaa8ab9e3253dd6e72f5670e8f4ed3c	2024-07-15	Amsterdam West	artic_v5_3_2_primer.bed
b4e058750395c532b14f4387df56ccdc	2024-07-15	Houtrust	artic_v5_3_2_primer.bed
effd6137b440ee1efc929acf0f12abc3	2024-01-01	Katwoude	artic_v4.1.bed
369c534f2a3e97c8eed134b3ee12ea43	2024-07-16	Katwoude	artic_v5_3_2_primer.bed
4559d388655b41168c1ec20ed5bc0031	2024-07-17	Lelystad	artic_v5_3_2_primer.bed
e0d45c1d5d08039761e0d84e71d6686a	2024-01-01	Lelystad	artic_v4.1.bed
ed837e77b7580836748220e85d791776	2024-07-28	Haarlem Schalkwijk	artic_v5_3_2_primer.bed
9bfbafd3ec9b96632288ee6cc09ed69b	2024-07-27	Hilversum	artic_v5_3_2_primer.bed
3ada7a7cc38c9f309daabe6337961319	2024-07-27	Westpoort	artic_v5_3_2_primer.bed
97e4e2e64ddac8d480826cc31de1b6e0	2024-07-29	Bosscherveld	artic_v5_3_2_primer.bed
c8ef5226e8ad035860ddeec6ed69082a	2024-07-29	Harnaschpolder	artic_v5_3_2_primer.bed
2f6e05b12e1d2b10e20e9423be804bd1	2024-07-29	Houtrust	artic_v5_3_2_primer.bed
75ee8b75ea80ba17b0fde95e2d8b20d6	2024-07-29	Lelystad	artic_v5_3_2_primer.bed
5bbc7db3c0add81ea664bda2d3dda8ce	2024-01-19	Westpoort	artic_v5_3_2_primer.bed
716ab7dc30c415f3da00759ecba2d44e	2024-01-21	Woerden	artic_v5_3_2_primer.bed
9d0de2701c4793c8e64199236faf9973	2024-08-05	Houtrust	artic_v5_3_2_primer.bed
190d9222179053d3c7a4622a2209aa94	2024-01-22	Hilversum	artic_v5_3_2_primer.bed
c83185c4598dabeb275ba46b810e0282	2024-08-10	Lelystad	artic_v5_3_2_primer.bed
e2afb85f08213c560296be417013a279	2024-08-09	Westpoort	artic_v5_3_2_primer.bed
8bcbe80bc82ecd0954f3ece793903c71	2024-08-12	Amsterdam West	artic_v5_3_2_primer.bed
6b82437296c54bc1a7b3d8cb18a59dfe	2024-08-12	Harnaschpolder	artic_v5_3_2_primer.bed
5d853c90b58b7ce8a7a8c77fc270f05d	2024-08-12	Hilversum	artic_v5_3_2_primer.bed
d2190feb8f34b835c924a6150c0a0158	2024-08-13	Haarlem Schalkwijk	artic_v5_3_2_primer.bed
56e5822d3333f0e7d86d4aad26e0d30e	2024-08-15	Harnaschpolder	artic_v5_3_2_primer.bed
16bbc26fc082a94dd6f4d09a12bf7912	2024-01-23	Westpoort	artic_v5_3_2_primer.bed
e5d3424fc2b6b5a2b38ecdbb87f881d3	2024-01-24	Bosscherveld	artic_v5_3_2_primer.bed
b5722f15602f54d0b28ba55fce159faa	2024-08-22	Harnaschpolder	artic_v5_3_2_primer.bed
1cc2301bead9b7bce42258a06ae88a1d	2024-08-22	Hilversum	artic_v5_3_2_primer.bed
7e526225dc1cbc8d529642ae25b1abe2	2024-08-22	Houtrust	artic_v5_3_2_primer.bed
22dbf1cb980c77ee1a557bdc14dff991	2024-01-23	Haarlem Schalkwijk	artic_v5_3_2_primer.bed
bae38716fc19e37d295772094fbdf7e5	2024-08-31	Lelystad	artic_v5_3_2_primer.bed
a9fffe497e4560168a6f6353620123c6	2024-01-25	Harnaschpolder	artic_v5_3_2_primer.bed
23e2ba0a6332f3922cda441906e15829	2024-01-25	Hilversum	artic_v5_3_2_primer.bed
af5d0925826f5beced75328d8c5e7e73	2024-01-25	Houtrust	artic_v5_3_2_primer.bed
688a041fac1ee079166128b010e027a0	2024-01-25	Lelystad	artic_v5_3_2_primer.bed
647755d769c88f336d6ac804e47af29a	2024-09-04	Bosscherveld	artic_v5_3_2_primer.bed
de9905fb1c98f78354eb53cf060532e6	2024-09-04	Haarlem Schalkwijk	artic_v5_3_2_primer.bed
4bdd52e8236c61a8fad620a3e206ccc9	2024-09-05	Harnaschpolder	artic_v5_3_2_primer.bed
c82e3027772561a8f26a4c4ace32c6bd	2024-09-06	Westpoort	artic_v5_3_2_primer.bed
441a11e818fe374b4a0cae1af0bcbe0e	2024-09-09	Houtrust	artic_v5_3_2_primer.bed
107388faa51167670ea2dc13e788b6bd	2024-09-12	Amsterdam West	artic_v5_3_2_primer.bed
7b1bd9bdc22193ccf02c1a3601ea1203	2024-09-14	Harnaschpolder	artic_v5_3_2_primer.bed
00ef66a682b313fe87b6428e7d21b2f7	2024-09-15	Hilversum	artic_v5_3_2_primer.bed
742980adaa05499be0ede36f738c6cb5	2024-09-16	Houtrust	artic_v5_3_2_primer.bed
11d9e8eee22f90de63dd3c999e4122c9	2024-09-18	Amsterdam West	artic_v5_3_2_primer.bed
e7778514ca72e39038fe8a5d1460525c	2024-09-19	Bosscherveld	artic_v5_3_2_primer.bed
04ecfc99e10681a1c81389bcba30d26c	2024-09-19	Harnaschpolder	artic_v5_3_2_primer.bed
06a06961518a45a16fbdcbb8481ae929	2024-09-20	Haarlem Schalkwijk	artic_v5_3_2_primer.bed
dd4873e6915b502a65a43411226c657d	2024-09-21	Hilversum	artic_v5_3_2_primer.bed
3ba768532ebff24066ba72b8a4c9ad64	2024-09-24	Amsterdam West	artic_v5_3_2_primer.bed
472dc6a124179af0717d68d79fc48cb1	2024-09-24	Lelystad	artic_v5_3_2_primer.bed
eded3a4ab9d4dd4d96ddf3b8615f887c	2024-09-29	Katwoude	artic_v5_3_2_primer.bed
31e8f930e389d3762f333b4d15f84769	2024-09-27	Westpoort	artic_v5_3_2_primer.bed
63923f29268cf0305bd20a0f249be06b	2024-09-30	Harnaschpolder	artic_v5_3_2_primer.bed
64198cd0550111eba5623b273d90924a	2024-10-03	Houtrust	artic_v5_3_2_primer.bed
6c06fc5b963a90bb3ea5ddde5aa24db9	2024-01-29	Amsterdam West	artic_v5_3_2_primer.bed
92bb0b6b7b7bffa13c8fbf04908bde1b	2024-10-07	Bosscherveld	artic_v5_3_2_primer.bed
9d1ca2f084c9946bba2cc97573cce3ad	2024-10-08	Haarlem Schalkwijk	artic_v5_3_2_primer.bed
205314ebf57b86148be97a4a04351b84	2024-10-09	Lelystad	artic_v5_3_2_primer.bed
b4a91d1439a0217463953d91b7110987	2024-01-29	Harnaschpolder	artic_v5_3_2_primer.bed
79089c1990f9cdbe3f2320b72e19c435	2024-01-29	Hilversum	artic_v5_3_2_primer.bed
5c9f6ea59aeaa3c7560690f2aa2750bc	2024-10-10	Harnaschpolder	artic_v5_3_2_primer.bed
f1ac418f8561f7ef2e3a89a7ca0c8bb0	2024-01-29	Houtrust	artic_v5_3_2_primer.bed
198dd12b53a4775f3718857ce8757e30	2024-10-12	Hilversum	artic_v5_3_2_primer.bed
a27d5787a6154ae2e3a0b70fb481ac57	2024-10-11	Katwoude	artic_v5_3_2_primer.bed
ac3dc1c03106e1f61c87d2475f17107e	2024-10-14	Houtrust	artic_v5_3_2_primer.bed
385a2a04e505152e3cb5d2640ab85755	2024-10-17	Harnaschpolder	artic_v5_3_2_primer.bed
8f92ce419c51624af44d3fa16967a8b3	2024-10-18	Lelystad	artic_v5_3_2_primer.bed
e2d6560cc5bd2af7824c77d33c6807d2	2024-10-22	Amsterdam West	artic_v5_3_2_primer.bed
f3f937107a99b4b2d5e085d0766aab6c	2024-10-22	Westpoort	artic_v5_3_2_primer.bed
0175d886c0d522581c2537f32903d3e1	2024-10-24	Houtrust	artic_v5_3_2_primer.bed
a1877b740bd63bdd7f7c4489154d6e52	2024-10-24	Katwoude	artic_v5_3_2_primer.bed
60cdb0c82597e7dfa827ca8be527cfe5	2024-10-28	Bosscherveld	artic_v5_3_2_primer.bed
1544e549bf5ee37e886edac28467f2cf	2024-01-31	Katwoude	artic_v5_3_2_primer.bed
af30fd06ecf7ac74472f674f6c08077e	2024-10-30	Hilversum	artic_v5_3_2_primer.bed
e41a3d6b640fb1b7718ff5184193a320	2024-11-02	Lelystad	artic_v5_3_2_primer.bed
a35075c90c9a21ffbbe61f5e8022b0f2	2024-02-01	Amsterdam West	artic_v5_3_2_primer.bed
5302a531d79721e3a5baf11fb89f6a9a	2024-11-05	Hilversum	artic_v5_3_2_primer.bed
c15482031aee13b935a4b51f676bb84b	2024-01-31	Bosscherveld	artic_v5_3_2_primer.bed
82f7b7eca1c8158a193a69aab14e5f33	2024-11-06	Bosscherveld	artic_v5_3_2_primer.bed
e42c2852aa4663ee77ce2fab41fadc39	2024-11-07	Harnaschpolder	artic_v5_3_2_primer.bed
ca2062dc462d5dfe9f9ab0b64e65bc82	2024-11-07	Houtrust	artic_v5_3_2_primer.bed
8d9d0aea9b8ff35c5b35c25cf0b1b428	2024-11-07	Westpoort	artic_v5_3_2_primer.bed
cfc76cb51d6bdd903264793009c7c244	2024-11-10	Amsterdam West	artic_v5_3_2_primer.bed
4a46476285a7054e683aaaaec9197037	2024-02-01	Haarlem Schalkwijk	artic_v5_3_2_primer.bed
651fbdcde8e59a870d9616efb4aefd9c	2024-02-01	Harnaschpolder	artic_v5_3_2_primer.bed
5239b1fefe61ca85c9edeb0c21ca67c8	2024-11-12	Haarlem Schalkwijk	artic_v5_3_2_primer.bed
730e87a980d3974dd6ef5d440b077e79	2024-11-13	Westpoort	artic_v5_3_2_primer.bed
2ad26769f294b91dee3dabc47c4ca6cb	2024-11-14	Harnaschpolder	artic_v5_3_2_primer.bed
c4212cc8e491393dd21b78d6629e6ab3	2024-11-14	Hilversum	artic_v5_3_2_primer.bed
90c5341c984da304eef49bbc7c7feb59	2024-02-01	Westpoort	artic_v5_3_2_primer.bed
25155ad489ab29246968112b7b9500a7	2024-11-24	Haarlem Schalkwijk	artic_v5_3_2_primer.bed
8719a0c7818c17d51ef252cca5d244c3	2024-11-23	Lelystad	artic_v5_3_2_primer.bed
8d18e1098e0cea09e0d16d010d38a941	2024-11-22	Westpoort	artic_v5_3_2_primer.bed
83643fcc11e8e67aa2a78bd9ac2bde3d	2024-11-25	Harnaschpolder	artic_v5_3_2_primer.bed
6ca3289987065fbf1952654430e68f26	2024-11-25	Houtrust	artic_v5_3_2_primer.bed
99e544258e1a1ab5da081882cea9eb91	2024-11-26	Westpoort	artic_v5_3_2_primer.bed
2f8bfbd1020258caea984a80268cc645	2024-11-27	Katwoude	artic_v5_3_2_primer.bed
83f85276cd2b44a401ef26f0154e0420	2024-11-28	Harnaschpolder	artic_v5_3_2_primer.bed
99dfa26a75b95c781796dd96185546e0	2024-11-28	Houtrust	artic_v5_3_2_primer.bed
59198e44e745cd594cc14c2f51e93833	2024-11-29	Amsterdam West	artic_v5_3_2_primer.bed
ed12d5063fcc5400fe4e5e65c1b4eae4	2024-11-29	Hilversum	artic_v5_3_2_primer.bed
841c87df2c8031ac265b259bf92aa1ad	2024-11-29	Westpoort	artic_v5_3_2_primer.bed
ee9c41737094fb1c1e928e0cb2ab6524	2024-02-03	Lelystad	artic_v5_3_2_primer.bed
ac310cd592f72500a16c2e96c93cf53a	2024-12-09	Harnaschpolder	artic_v5_3_2_primer.bed
5b5eb5f72411c316eccfb959e8c12cca	2024-12-09	Houtrust	artic_v5_3_2_primer.bed
8328edec5d1bb604642c007eb5faa88d	2024-12-10	Haarlem Schalkwijk	artic_v5_3_2_primer.bed
3a28c7f4b73456b218301afccc021b54	2024-12-11	Lelystad	artic_v5_3_2_primer.bed
7bea80a13dc7a3b285886b683bd3672c	2024-12-16	Hilversum	artic_v5_3_2_primer.bed
8da7b79de2f3e265aecc1cd65efdeea8	2024-02-05	Houtrust	artic_v5_3_2_primer.bed
118da8e39c5046c4a6b7346302f7a4ff	2024-12-17	Westpoort	artic_v5_3_2_primer.bed
6c90c36f500d9942364d53dc31fe26d8	2024-02-06	Hilversum	artic_v5_3_2_primer.bed
cfa293f58bb2a4c2f6901a71e1d63524	2024-12-30	Amsterdam West	artic_v5_3_2_primer.bed
fcb51960d44e44ef8350de451532e2b0	2024-02-06	Lelystad	artic_v5_3_2_primer.bed
31e70fafd3d35d40a71e559414ce0156	2024-12-30	Houtrust	artic_v5_3_2_primer.bed
60338782eaf599eb18f9f2013383bb03	2024-02-07	Amsterdam West	artic_v5_3_2_primer.bed
055665cfe39b0e8854f4ca52c85ac8e1	2024-02-06	Bosscherveld	artic_v5_3_2_primer.bed
dafab11e9ad570e8961aa452e4452a75	2024-02-07	Westpoort	artic_v5_3_2_primer.bed
c6658123e36bdc40487b7e7ca3976b6b	2024-01-04	Amsterdam West	artic_v4.1.bed
4f671d0b703316fad73b5200f82d38c7	2024-02-13	Amsterdam West	artic_v5_3_2_primer.bed
8f165d27fef6bd18dd3237622b8bc38f	2024-02-13	Bosscherveld	artic_v5_3_2_primer.bed
9c05d4b0c2210228e1d819191636acd9	2024-02-13	Hilversum	artic_v5_3_2_primer.bed
183ef8cac84a30404949bd802fe512dd	2024-01-03	Bosscherveld	artic_v4.1.bed
61aac860ee7e14ec61e262096d901c9d	2024-02-13	Westpoort	artic_v5_3_2_primer.bed
8fef0d5208741abac1b08243fcbf9e12	2024-02-18	Katwoude	artic_v5_3_2_primer.bed
421a22b79e8c41b0e8d62c328471f483	2024-02-15	Lelystad	artic_v5_3_2_primer.bed
4d8966c68e8613ead9c8de7e83a9d330	2024-01-04	Haarlem Schalkwijk	artic_v4.1.bed
6b66ae8ee3ad06117a8c47ab26a9db39	2024-02-16	Bosscherveld	artic_v5_3_2_primer.bed
15bd930b9713a20350806633687d71d3	2024-01-04	Harnaschpolder	artic_v4.1.bed
7c4922ea4cf5187891f8ed084d4d01b2	2024-02-17	Hilversum	artic_v5_3_2_primer.bed
3e2d7a7a03f50c206794d0fa8965b9e2	2024-01-04	Houtrust	artic_v4.1.bed
39b1e0f820f57867649423996e664ba7	2024-02-19	Bosscherveld	artic_v5_3_2_primer.bed
25330fafa7080ccdb77f10533042bdf5	2024-02-20	Amsterdam West	artic_v5_3_2_primer.bed
fb2141f1d13bcc066fe179e88de5e3dc	2024-02-21	Bosscherveld	artic_v5_3_2_primer.bed
92d57fa476d3c59ff19dd21a431d7874	2024-02-22	Katwoude	artic_v5_3_2_primer.bed
49c4d951f4873cbb5ccf2007fb593334	2024-02-23	Westpoort	artic_v5_3_2_primer.bed
f1f43638c159c83565c2f167eb9b33c0	2024-02-26	Houtrust	artic_v5_3_2_primer.bed
9dd65805a284c745813452292359f123	2024-02-28	Katwoude	artic_v5_3_2_primer.bed
e84bc2eb7a19ea281ef8233bc7948cb9	2024-03-05	Bosscherveld	artic_v5_3_2_primer.bed
d9a72740feca49b3a201c07188066d5e	2024-03-07	Lelystad	artic_v5_3_2_primer.bed
8104b74bccf1ab19d452ad7ed9d12441	2024-03-03	Westpoort	artic_v5_3_2_primer.bed
84ffb432138f46b7a9c7c183529ffcd0	2024-03-09	Amsterdam West	artic_v5_3_2_primer.bed
a507b5a8b7728f09e9923621d073e4cf	2024-03-11	Harnaschpolder	artic_v5_3_2_primer.bed
1af7f7e5ddc84a03ca34c178b3164b20	2024-03-12	Westpoort	artic_v5_3_2_primer.bed
78b114fb02e250b22d7416ee73d81d89	2024-03-14	Haarlem Schalkwijk	artic_v5_3_2_primer.bed
4202d06b55a8a15825b42e5b797cfaf4	2024-01-07	Katwoude	artic_v4.1.bed
cd20ff7ebb72c33adc2d2bf7d3692ba7	2024-03-16	Haarlem Schalkwijk	artic_v5_3_2_primer.bed
5b180bf43a1cfb5d40e8bfde61a60e5f	2024-03-15	Westpoort	artic_v5_3_2_primer.bed
f708b178010213339227a9ba3fd9e24a	2024-03-25	Houtrust	artic_v5_3_2_primer.bed
71e27bf3bd2f27710e8311a1f608ae78	2024-01-08	Harnaschpolder	artic_v4.1.bed
26aa7282595c7f62781ca08b26a380a4	2024-01-08	Houtrust	artic_v4.1.bed
8263382a6fc49e00f962dc1e5b454e8d	2024-01-08	Haarlem Schalkwijk	artic_v4.1.bed
797c74726707ae4ac6b056320766099a	2024-01-09	Hilversum	artic_v4.1.bed
8702f50e11d94ab6c541340f9ba74457	2024-01-10	Amsterdam West	artic_v4.1.bed
bca5fb479a4fa3b9e50a64e571a5be57_001	2024-04-11	Houtrust	artic_v5_3_2_primer.bed
506f225fbc8fea497afb1b183021199b	2024-01-10	Lelystad	artic_v4.1.bed
2605745f4e0ac5a2f19bc80fb1bf3e4d	2024-04-16	Westpoort	artic_v5_3_2_primer.bed
1ebf5fa9aaf49a5deec6ffc9041175c9	2024-01-11	Bosscherveld	artic_v4.1.bed
654e96250ae0994f5d22a857a7c35be3	2024-04-22	Bosscherveld	artic_v5_3_2_primer.bed
d16e58dcc7942835e044d7c0d38dd9ae	2024-04-28	Amsterdam West	artic_v5_3_2_primer.bed
21ec8e03965f0cb7bc5d6530890743b3	2024-04-27	Lelystad	artic_v5_3_2_primer.bed
f5b0d2367ca665cbc6f3fce9bd023818	2024-04-29	Harnaschpolder	artic_v5_3_2_primer.bed
fe9b95565309e70101086e8844b260bc	2024-04-29	Houtrust	artic_v5_3_2_primer.bed
4b62a9ebec900bf1ab6db2bdd4f3ac49	2024-04-30	Katwoude	artic_v5_3_2_primer.bed
c6b0de0f9d27945178ba8d783b3db86d	2024-04-30	Lelystad	artic_v5_3_2_primer.bed
54e3230f34e24bd44d527cf932573433	2024-05-01	Amsterdam West	artic_v5_3_2_primer.bed
265578177e349acb996843f4e29af8fe	2024-05-01	Bosscherveld	artic_v5_3_2_primer.bed
9ef2f5d4bb76eab375d5c5d46a56de69	2024-05-02	Harnaschpolder	artic_v5_3_2_primer.bed
89ea2c14487f36d11d7689444df56c2a	2024-05-02	Hilversum	artic_v5_3_2_primer.bed
3893ffba66bab8ab65222b1dbc0204e7	2024-05-04	Amsterdam West	artic_v5_3_2_primer.bed
56b86fcb1489f2a57d8ca85c5df74d78	2024-05-06	Lelystad	artic_v5_3_2_primer.bed
9ba57b5fc1300f54a32fa3c6627bcf53	2024-05-13	Bosscherveld	artic_v5_3_2_primer.bed
a78f0847f92652995e72460a3c487ba2	2024-05-13	Houtrust	artic_v5_3_2_primer.bed
464d6a8826fd3b4d1d9734fa92808ef0	2024-05-14	Amsterdam West	artic_v5_3_2_primer.bed
5147ab3d74dd143ebc25205479cde571	2025-05-29	Amsterdam West	artic_v5_3_2_primer.bed
2329eafda6796131fa31d91d3c711091	2025-05-29	Bosscherveld	artic_v5_3_2_primer.bed
6283bbe07b92bd9f0ad953c72b0e048d	2025-05-29	Harnaschpolder	artic_v5_3_2_primer.bed
6ba8c3a13b0e9daa3bf9c415a91f9b38	2025-05-31	Hilversum	artic_v5_3_2_primer.bed
74fa0d839eff4dad14d4f64a48137cb8	2025-06-01	Katwoude	artic_v5_3_2_primer.bed
5fc58ce83a3e57bb3892e457a709ef04	2025-06-04	Houtrust	artic_v5_3_2_primer.bed
ffbdd4b5e22eabf491fff4f6a82b547b	2025-06-06	Katwoude	artic_v5_3_2_primer.bed
74871d0d35f867ab782531fab4557e42	2025-06-12	Harnaschpolder	artic_v5_3_2_primer.bed
9d3f9591f4a7f2fd14a53a2b8f9692bd	2025-06-14	Katwoude	artic_v5_3_2_primer.bed
fa46b606e8c5c0bb05248f6f5240dad4	2025-06-17	Katwoude	artic_v5_3_2_primer.bed
f11fcaece250011a37c118a2bc0abc1f	2025-06-19	Westpoort	artic_v5_3_2_primer.bed
537efba7f44f67f9194ed7a31c85dc26	2025-06-23	Houtrust	artic_v5_3_2_primer.bed
e68d9ee104fc14118cfe42ec9333de26	2025-06-23	Katwoude	artic_v5_3_2_primer.bed
80aa866e8be83b76cc17c418a79b1088	2025-06-25	Westpoort	artic_v5_3_2_primer.bed
f03dd827a9257d95a324b44e59766ebf	2025-06-27	Hilversum	artic_v5_3_2_primer.bed
3b60811600bd6eb06ff35b3d3a060123	2025-06-29	Katwoude	artic_v5_3_2_primer.bed
31bc1f5ea5f05132ccca2194caeb7ca9	2025-07-01	Katwoude	artic_v5_3_2_primer.bed
42cbc87f427f603f6de7bf158fbf77ad	2025-07-01	Lelystad	artic_v5_3_2_primer.bed
5add3781ba29312d15e1f8a06f40287d	2025-01-13	Houtrust	artic_v5_3_2_primer.bed
5f71958a886b558a2ddf50fc265d1d97	2025-07-05	Lelystad	artic_v5_3_2_primer.bed
2f86b4eeed47788d05e27c074dd760b5	2025-07-08	Hilversum	artic_v5_3_2_primer.bed
3d8748b39d14a87ea04673948f8cc259	2025-07-07	Lelystad	artic_v5_3_2_primer.bed
bd9dc45272173924f89385bc554b5a4e	2025-07-10	Westpoort	artic_v5_3_2_primer.bed
89f39671ad2901361aa6353f4ca32c0b	2025-07-11	Bosscherveld	artic_v5_3_2_primer.bed
e36d56d587ca0514f1116c1df383e220	2025-07-14	Bosscherveld	artic_v5_3_2_primer.bed
61c06949fd9a5e8fe6b9bdafab6f406a	2025-01-14	Katwoude	artic_v5_3_2_primer.bed
21f5831922d8ed7e03f7b0db2b4eb22f	2025-07-15	Katwoude	artic_v5_3_2_primer.bed
0e094a2310dfdcd2daf7f3c30ba1f8f5	2025-07-15	Haarlem Schalkwijk	artic_v5_3_2_primer.bed
ca87fa636ab135cfe5648fd9ed9a1155	2025-07-17	Houtrust	artic_v5_3_2_primer.bed
6c6bdf6c3fb58aec86d4d97743b783be	2025-07-19	Hilversum	artic_v5_3_2_primer.bed
3fdfa00362e3b8129a81718253ef7bec	2025-07-23	Lelystad	artic_v5_3_2_primer.bed
71c5437dcefa0741bf925840c520f9e3	2025-07-24	Houtrust	artic_v5_3_2_primer.bed
bdfba5d662d67a58323bd4448fd5ec37	2025-07-25	Hilversum	artic_v5_3_2_primer.bed
c3771f5e303aa273e0203f41ae9a89c1	2025-07-31	Westpoort	artic_v5_3_2_primer.bed
312b4bbcbb13e429b2e969e30ed14136	2025-08-01	Lelystad	artic_v5_3_2_primer.bed
eec9a76dd33f847f5d40814a355c888e	2025-08-04	Houtrust	artic_v5_3_2_primer.bed
79c019811209996f58c59d7f14624c4a	2025-08-11	Houtrust	artic_v5_3_2_primer.bed
e79513e998623664a68727608b31594f	2025-08-12	Katwoude	artic_v5_3_2_primer.bed
351cddf60af50e6714015f9569f40f73	2025-08-18	Harnaschpolder	artic_v5_3_2_primer.bed
f20e3cc647d79cd450936a564b067628	2025-01-16	Haarlem Schalkwijk	artic_v5_3_2_primer.bed
dce67c71841bb9a5ced0569a46be62f8	2025-08-22	Hilversum	artic_v5_3_2_primer.bed
fc248ed2c53d2eb836138679dbc6ebf0	2025-08-20	Haarlem Schalkwijk	artic_v5_3_2_primer.bed
83ccbda4386387002735030164eafa92	2025-08-24	Katwoude	artic_v5_3_2_primer.bed
3431394706e6771a2bb78e7de34c34b4	2025-08-26	Hilversum	artic_v5_3_2_primer.bed
dd271cce4614c9185eeeb39334923f62	2025-08-26	Katwoude	artic_v5_3_2_primer.bed
b82847b2dd6c9501f5b4dadff9c44277	2025-09-02	Amsterdam West	artic_v5_3_2_primer.bed
2e7f8f90f280e4647fe8d74604949093	2025-09-04	Katwoude	artic_v5_3_2_primer.bed
a2208ad1ec8f78f9c5a61043d1434e20	2025-09-08	Harnaschpolder	artic_v5_3_2_primer.bed
88a98d7e4e385c953dd690f457f996be	2025-09-08	Houtrust	artic_v5_3_2_primer.bed
079dd4aa19e16f849da2856875272724	2025-09-09	Lelystad	artic_v5_3_2_primer.bed
a64cac16c37f570709e2dfd6508b8c69	2025-09-14	Katwoude	artic_v5_3_2_primer.bed
bd33925d2658b70d17a19b54d32574c4	2025-09-15	Bosscherveld	artic_v5_3_2_primer.bed
2840b369f36c8cba91fbcbb1666fbb14	2025-09-15	Harnaschpolder	artic_v5_3_2_primer.bed
ddcf356f075336e84b0a0919813a77f9	2025-09-28	Katwoude	artic_v5_3_2_primer.bed
3e289d0f299235b57563f4ed4399b430	2025-09-23	Amsterdam West	artic_v5_3_2_primer.bed
92be7077be418ce67b250f2728dde857	2025-09-27	Lelystad	artic_v5_3_2_primer.bed
672415e9f55ca8b9d4d4864471cd38f4	2025-09-29	Amsterdam West	artic_v5_3_2_primer.bed
a59663911543b8dc122b42c7a726ba1b	2025-09-30	Katwoude	artic_v5_3_2_primer.bed
b1b93972c9e2950e71cec6a2c11b7f7b	2025-10-01	Hilversum	artic_v5_3_2_primer.bed
7bdbe0f196d3ce25390493bb905acc0c	2025-10-06	Houtrust	artic_v5_3_2_primer.bed
878be8bfdbc2d57bfc9f0167be646d5d	2025-10-07	Hilversum	artic_v5_3_2_primer.bed
31d34be92d9d17a2a458e3fd2748ef3c	2025-10-07	Katwoude	artic_v5_3_2_primer.bed
8f52794672251c05af6ffce0c53fecf5	2025-10-08	Westpoort	artic_v5_3_2_primer.bed
487696e840b3a7f6ebfea3933bf7f9aa	2025-10-13	Bosscherveld	artic_v5_3_2_primer.bed
e0d64819853baec8dc63b1c0d2056515	2025-10-13	Houtrust	artic_v5_3_2_primer.bed
ba1029e2c09282a9071b5249bbd6e59e	2025-10-15	Katwoude	artic_v5_3_2_primer.bed
3de46814722196d8df8a1f5c6928686e	2025-10-20	Hilversum	artic_v5_3_2_primer.bed
ecac869bae4974da9f68668dba8bf933	2025-10-20	Lelystad	artic_v5_3_2_primer.bed
c39df7dd7f3cbf5d25ff0f9b75a65522	2025-10-23	Westpoort	artic_v5_3_2_primer.bed
3aee5c6fb48062aa1ae44e4e52b2080b	2025-10-26	Katwoude	artic_v5_3_2_primer.bed
e100e191a54b2c6ea0418ebf07215449	2025-10-29	Amsterdam West	artic_v5_3_2_primer.bed
1f2d46f731568f0e75cf9ea4a3c688c3	2025-10-29	Hilversum	artic_v5_3_2_primer.bed
941acb70c543baa3959a0a94c3d6ac68	2025-10-29	Katwoude	artic_v5_3_2_primer.bed
4bcff9d8aed1196c6383aad2e1342fa8	2025-01-23	Haarlem Schalkwijk	artic_v5_3_2_primer.bed
7c248eff4f0a236f1d8ba17f2902d671	2025-01-26	Katwoude	artic_v5_3_2_primer.bed
11d86306070c062cb5d81b3e578413c2	2025-11-03	Houtrust	artic_v5_3_2_primer.bed
111fedba5e344881464b1a159b7f916b	2025-11-05	Katwoude	artic_v5_3_2_primer.bed
22ac26d827ea1b66a930741dd9342378	2025-11-15	Katwoude	artic_v5_3_2_primer.bed
29118110dbb6261c0b99ec377e8d2f70	2025-11-17	Bosscherveld	artic_v5_3_2_primer.bed
6dfa68559ff28e37f5f9859de878a770	2025-11-20	Lelystad	artic_v5_3_2_primer.bed
eef9b5f5ea5b55396adc3ddda03c818f	2025-11-18	Katwoude	artic_v5_3_2_primer.bed
9fb3e997d85d30e241a2d72ccb5af106	2025-11-23	Katwoude	artic_v5_3_2_primer.bed
f03092a5db07edf1a9481a06f7f5eafc	2025-11-26	Bosscherveld	artic_v5_3_2_primer.bed
456f62d3f725e2f45fb61fc0d0241089	2025-12-04	Amsterdam West	artic_v5_3_2_primer.bed
65633b6dda2f624e84507465a31a3c36	2025-12-01	Harnaschpolder	artic_v5_3_2_primer.bed
1597fd2384fc519d80a382b53ffba883	2025-12-01	Houtrust	artic_v5_3_2_primer.bed
38d5b5a57e824553d44e19f14a7a848a	2025-12-02	Hilversum	artic_v5_3_2_primer.bed
ca8bc2a17d0ce947877555fa30d4c12d	2025-12-02	Lelystad	artic_v5_3_2_primer.bed
ca8beb73d8c45e80321a3f35fbed9a2e	2025-12-08	Harnaschpolder	artic_v5_3_2_primer.bed
587f72a68ffe0353d9eda50b08fcb1f6	2025-12-11	Lelystad	artic_v5_3_2_primer.bed
395db49e5cd0fe877846cdd9a5b9702f	2025-12-09	Katwoude	artic_v5_3_2_primer.bed
f1aee365e901da2ca3f7d11e5cfc9af2	2025-12-13	Westpoort	artic_v5_3_2_primer.bed
cc7e260de388715f840fed055d8f421e	2025-12-15	Houtrust	artic_v5_3_2_primer.bed
c9e1c9465026dd150a256655fccf1d46	2025-12-16	Hilversum	artic_v5_3_2_primer.bed
fec6c90681540d1dcbb800cae854166c	2025-12-17	Lelystad	artic_v5_3_2_primer.bed
506ed1b07b38e884d273c8449800d0ae	2025-01-30	Houtrust	artic_v5_3_2_primer.bed
d7254a87dfa317c77253862ba9985cf3	2025-01-30	Katwoude	artic_v5_3_2_primer.bed
ebd572705963c4f34c669fa503d08799	2025-12-22	Harnaschpolder	artic_v5_3_2_primer.bed
f42f9819968813a18202522d94ebfd27	2025-02-01	Amsterdam West	artic_v5_3_2_primer.bed
f7f320c1faab585cabacc6f9c19a4900	2025-02-05	Haarlem Schalkwijk	artic_v5_3_2_primer.bed
c64e334d800511e568ecbf544f64278d	2025-02-06	Houtrust	artic_v5_3_2_primer.bed
fbac72c337da7a2c960c9b2a3209b319	2025-02-08	Haarlem Schalkwijk	artic_v5_3_2_primer.bed
78696e103e16545b042890bc216e7e4b	2025-02-10	Amsterdam West	artic_v5_3_2_primer.bed
55e0e20291a459e0ea93d09f3a45f76d	2025-02-13	Hilversum	artic_v5_3_2_primer.bed
ab34b99b4634c5eec28532e1230572c9	2025-02-13	Westpoort	artic_v5_3_2_primer.bed
a373c5b64a3e43f3846ad6e8688438c1	2025-02-14	Haarlem Schalkwijk	artic_v5_3_2_primer.bed
9fd44caa69d641caaa0e8f6771b6bee0	2025-02-19	Amsterdam West	artic_v5_3_2_primer.bed
0b0dd8c6a25c44b01b2b0da0f3f06ae5	2025-02-20	Katwoude	artic_v5_3_2_primer.bed
6f86cf89049f9bebfda9657c7abe7de6	2025-02-20	Lelystad	artic_v5_3_2_primer.bed
d783883ef7b05284104765964da269cd	2025-03-04	Katwoude	artic_v5_3_2_primer.bed
061e30199a05d7d779f21fa5928a67dc	2025-03-07	Katwoude	artic_v5_3_2_primer.bed
e898e44795616241b131af6f750d7d86	2025-03-12	Amsterdam West	artic_v5_3_2_primer.bed
3cc172381abe12cf8ffcd8e4ed4225dc	2025-03-13	Houtrust	artic_v5_3_2_primer.bed
d933ced8beac09956d6ff9d3f4358297	2025-03-18	Amsterdam West	artic_v5_3_2_primer.bed
10999156e69c24ade60d5562a9a4242a	2025-03-19	Haarlem Schalkwijk	artic_v5_3_2_primer.bed
d357af3238906c7c24c1d492de440490	2025-03-20	Katwoude	artic_v5_3_2_primer.bed
be4f172bad2f439af470e28e0a994c6a	2025-03-21	Amsterdam West	artic_v5_3_2_primer.bed
f4d3edc012543501cc39c1f2c3d11664	2025-03-27	Amsterdam West	artic_v5_3_2_primer.bed
7a5b59fb4bdbddd7b125b879da80bf2d	2025-03-31	Houtrust	artic_v5_3_2_primer.bed
b47619d4ddc8be1657efc8e565f57e6b	2025-04-01	Katwoude	artic_v5_3_2_primer.bed
61bccb0e4ee89e472dbdef77f153762e	2025-04-02	Amsterdam West	artic_v5_3_2_primer.bed
5085aa16f46ff59abfba230b724fd8fb	2025-04-03	Houtrust	artic_v5_3_2_primer.bed
37ff4d4c4792d85e51bd083dfdc84636	2025-04-07	Harnaschpolder	artic_v5_3_2_primer.bed
432b06903f2ef204b7662b9b0c1a1982	2025-04-14	Houtrust	artic_v5_3_2_primer.bed
68afb898a95c4af8ffdf00594e568a8e	2025-04-17	Amsterdam West	artic_v5_3_2_primer.bed
f7a9cfdca56116076555f26c9e4aadf4	2025-04-17	Harnaschpolder	artic_v5_3_2_primer.bed
0ed0edb9a0021aac1ccbf5a2782b772e	2025-04-17	Katwoude	artic_v5_3_2_primer.bed
7e71143b3f9b898445b2a52039a815a0	2025-04-23	Amsterdam West	artic_v5_3_2_primer.bed
ba57494b18506038d932b1c94d27d578	2025-04-23	Katwoude	artic_v5_3_2_primer.bed
62c980cac5c1c372611ff104c6c34c52	2025-04-24	Lelystad	artic_v5_3_2_primer.bed
07a2904bfd5c3f6c61d4bc9f1358b742	2025-04-26	Amsterdam West	artic_v5_3_2_primer.bed
8fe39a54928ec675485159d82f69260e	2025-04-29	Katwoude	artic_v5_3_2_primer.bed
ca47f3aa19047c3a0c7a29091ed4e5fc	2025-05-01	Houtrust	artic_v5_3_2_primer.bed
8d37b09c825e39f7620a457e441854c4	2025-05-05	Amsterdam West	artic_v5_3_2_primer.bed
576dcffbef1659e9a9fde2ae6ecb74a4	2025-05-09	Bosscherveld	artic_v5_3_2_primer.bed
f4e7dcf36fde5cad95ba323fbdc2391b	2025-05-11	Katwoude	artic_v5_3_2_primer.bed
5d3611d3e0f0f5e4f57b486ff2ec442c	2025-05-13	Hilversum	artic_v5_3_2_primer.bed
d21b0382649b3a5f8a618a7a07e56762	2025-05-14	Haarlem Schalkwijk	artic_v5_3_2_primer.bed
1245113f9dd723443933f7015e596814	2025-05-17	Katwoude	artic_v5_3_2_primer.bed
b44e1504914cf384c1658ce00f93c6fa	2025-05-17	Westpoort	artic_v5_3_2_primer.bed
f85ab844047ec26b97e6483afc7db4ac	2025-05-20	Katwoude	artic_v5_3_2_primer.bed
